연번,사업장명,사업장소재지,업종,종별,폐수발생량 또는 폐수 배출량(세제곱미터_일),데이터기준일자
1,㈜조양,경기도 용인시 처인구 양지면 은이로 16,기타섬유제품,4,85.04,2024-02-13
2,한림제약㈜,경기도 용인시 처인구 영문로 2-27(유방동),의료용 물질 및의약품 제조시설,5,49.5,2024-02-13
3,농업법인(주)대마,경기도 용인시 처인구 경안천로 214-2(고림동),식품(육가공),3,510,2024-02-13
4,동아쏘시오홀딩스㈜,경기도 용인시 기흥구 금화로105번길 21(상갈동),의약품,4,84,2024-02-13
5,(주)아모레퍼시픽,경기도 용인시 기흥구 용구대로 1920,기타(연구),4,140,2024-02-13
6,동일세라믹스,경기도 용인시 처인구 포곡읍 백옥대로1832번길 14-5,비금속(벽돌),5,3,2024-02-13
7,㈜청광,경기도 용인시 처인구 모현면 백옥대로 2183-1,비금속(레미콘),5,0,2024-02-13
8,성신레미컨㈜용인공장,경기도 용인시 처인구 동부로 97(마평동),비금속(시멘트),5,45,2024-02-13
9,삼화콘덴서공업㈜,경기도 용인시 처인구 남사면 경기동로 227,기타(전지외),4,100,2024-02-13
10,(주)에이제이에스 용인지점,경기도 용인시 처인구 백암면 덕평로80번길 17,금속,5,4.95,2024-02-13
11,경남판지㈜,경기도 용인시 처인구 포곡읍 양지촌로 4-24,기타(인쇄),5,0.2,2024-02-13
12,영산콘크리트공업㈜,경기도 용인시 처인구 모현면 오산로 45-40,비금속(레미콘),5,25,2024-02-13
13,삼성에스디아이㈜,경기도 용인시 기흥구 공세로 150-20,연구,5,8.2,2024-02-13
14,용인경량전철㈜,경기도 용인시 처인구 중부대로 1074(삼가동),세차업,4,89,2024-02-13
15,㈜태준제약,경기도 용인시 처인구 남사면 경기동로 109-30,화학(의약품),4,70,2024-02-13
16,㈜건설콘크리트,경기도 용인시 기흥구 중부대로 38,비금속광물,5,100,2024-02-13
17,삼화전자공업㈜,경기도 용인시 처인구 남사면 경기동로 215,기타(전자부품),5,39.17,2024-02-13
18,㈜에이치제이씨(본사),경기도 용인시 처인구 이동면 서리로 23,기타(헬멧),5,12.55,2024-02-13
19,대상주식회사,경기도 용인시 기흥구 동탄기흥로681번길 28,식품,3,230,2024-02-13
20,국민레미콘㈜,경기도 용인시 처인구 백암면 죽양대로 831,비금속(레미콘),5,59,2024-02-13
21,한일산업㈜ 용인공장,경기도 용인시 처인구 이동면 화산로 14,비금속(레미콘),5,47.5,2024-02-13
22,㈜마니커애프앤지,경기도 용인시 처인구 이동면 백옥대로144번길 36-2,식품(육가공),3,470,2024-02-13
23,㈜에이치제이씨(제2공장),경기도 용인시 처인구 이동면 서리로 13,화학(플라스틱),5,21.436,2024-02-13
24,제일인더스트리,경기도 용인시 처인구 원삼면 맹리로127번길 28-5,화학(프라스틱),5,0.9,2024-02-13
25,롯데후레쉬델리카㈜ (구 롯데푸드),경기도 용인시 기흥구 중부대로874번길 2-1,식품,4,195,2024-02-13
26,㈜아크로검사정비,경기도 용인시 기흥구 석성로 110,세차,5,3,2024-02-13
27,㈜삼일이노팩 용인공장,경기도 용인시 처인구 백암면 삼백로 874-4,화학(플라스틱),5,192,2024-02-13
28,유진기업㈜수지,경기도 용인시 처인구 모현면 포은대로 890,비금속(레미콘),5,60.5,2024-02-13
29,㈜코코,경기도 용인시 처인구 이동면 백옥대로489번길 21,통신기기,5,8.16,2024-02-13
30,동광조명산업㈜,경기도 용인시 기흥구 고매로 171,조명장치제조,5,1,2024-02-13
31,한라엔켐㈜ 용인사업소,경기도 용인시 처인구 이동면 묘봉로 82-4,레미콘(비금속),5,30.6,2024-02-13
32,㈜동성식품,경기도 용인시 처인구 유림로 135(유방동),식품(국수등),4,120,2024-02-13
33,진성테크㈜,경기도 용인시 처인구 이동면 서리로101번길 53-29,재생용비금속가공원료생산업,5,1.71,2024-02-13
34,세원씨티㈜,경기도 용인시 처인구 경안천로358번길 17(고림동),합성수지 및 기타플라스틱물질 제조업,5,2.51,2024-02-13
35,(주)알지비하이텍,경기도 용인시 처인구 양지면 주북로173번길 82-7,반도체제조용기기제조업,5,18.3,2024-02-13
36,케이씨씨중앙연구소㈜,경기도 용인시 기흥구 마북로240번길 17-3,연구소,4,98.442,2024-02-13
37,아주산업㈜ 수원공장,경기도 용인시 기흥구 중부대로 689,비금속광물제조(2699),5,43.5,2024-02-13
38,엠제이우드,경기도 용인시 처인구 원삼면 보개원삼로 1465,플라스틱발포성형제품제조업,5,16.02,2024-02-13
39,삼성특수기기,경기도 용인시 처인구 원삼면 생안로 28,기타일반목재용 기계제조업,5,0.1,2024-02-13
40,경희대학교국제캠퍼스,경기도 용인시 기흥구 덕영대로 1732,"학교(연구소,기타 식품제조)",4,176.85,2024-02-13
41,장수산업[제2공장],경기도 용인시 처인구 남사면 원암로 481-2,도장및기타피막처리업,5,0.23,2024-02-13
42,㈜삼성파워텍,경기도 용인시 처인구 원삼면 이원로 1076,배전반 및 전기자동제어반 제조,5,14.25,2024-02-13
43,(의)용인병원유지재단,경기도 용인시 기흥구 중부대로 940(상하동),병원시설,5,0.02,2024-02-13
44,㈜에치와이 [구 ㈜한국야쿠르트],경기도 용인시 기흥구 기흥단지로24번길 22,식품(연구),4,100,2024-02-13
45,㈜우영,경기도 용인시 처인구 이동면 백옥대로489번길 19-16,플라스틱 발포 성형제품 제조,5,12,2024-02-13
46,동아에스티㈜,경기도 용인시 기흥구 금화로105번길 21(상갈동),연구소,4,127,2024-02-13
47,㈜HㆍL지노믹스,경기도 용인시 처인구 원삼면 보개원삼로 1552,의료용품및기타용품제조,5,19.62,2024-02-13
48,고려라이팅,경기도 용인시 처인구 이동면 안터로15번길 6,기타금속가공업중 도장 및 피막처리업(25923),5,3.6,2024-02-13
49,(주)숲속숯가마,경기도 용인시 기흥구 중부대로874번길 15(상하동),욕탕업,5,1.5,2024-02-13
50,엘티소재㈜(구 희성소재),경기도 용인시 처인구 남사면 당하로 113-19,접착제 및 젤라틴 제조업,5,2.522,2024-02-13
51,㈜제일특수인쇄공업사,경기도 용인시 처인구 백암면 죽양대로912번길 83-31,스크린인쇄,5,12.74,2024-02-13
52,태림포장공업㈜ 용인공장,경기도 용인시 처인구 백암면 청계로 38,종이제조,5,3.7,2024-02-13
53,㈜대웅제약,경기도 용인시 처인구 포곡읍 두계로 56 ,이화학시험시설,5,31.13,2024-02-13
54,㈜한석시스템,경기도 용인시 처인구 원삼면 농촌파크로 155,건설용석제품 제조,5,0,2024-02-13
55,㈜코아스템켐온,경기도 용인시 처인구 양지면 남평로 240,연구,5,1.78,2024-02-13
56,단국대학교,"경기도 용인시 수지구 죽전로 152(죽전동, 단국대학교)",기타(실험실),5,3.422,2024-02-13
57,뉴경기관광㈜,경기도 용인시 처인구 이동읍 기흥단지로 579,골프장,5,26,2024-02-13
58,삼성화재해상보험㈜교통박물관,경기도 용인시 처인구 포곡읍 에버랜드로376번길 171 ,박물관,5,3,2024-02-13
59,삼성생명 노블카운티,경기도 용인시 기흥구 덕영대로 1751,부동산업,5,15,2024-02-13
60,한성관광개발㈜,경기도 용인시 기흥구 구교동로 151,골프장,5,60,2024-02-13
61,녹십자 ,경기도 용인시 기흥구 이현로 30번길 93,연구 및 개발업,5,54.2,2024-02-13
62,르노코리아자동차㈜,경기도 용인시 기흥구 탑실로 61 (공세동),연구 및 개발업,5,16.78,2024-02-13
63,한성자동차㈜,경기도 용인시 기흥구 중부대로 23-2 (영덕동),자동차세차업,5,9,2024-02-13
64,(주)유한양행,경기도 용인시 기흥구 탑실로35번길 25 (공세동),연구 및 개발업,5,45,2024-02-13
65,한국외국어대학교 용인캠퍼스,경기도 용인시 처인구 모현면 외대로 81,대학교,5,49.7,2024-02-13
66,한화호텔앤드리조트㈜,경기도 용인시 처인구 남사면 봉무로153번길 79,서비스업,5,45,2024-02-13
67,(주)워시홀릭분당용인센터,경기도 용인시 기흥구 용구대로2469번길 162(보정동) ,자동차세차업,4,70,2024-02-13
68,㈜삼성파워텍,경기도 용인시 처인구 이동읍 남북대로 2539,배전반 및 전기자동제어반 제조업,5,1,2024-02-13
69,㈜법면녹화육운,"경기도 용인시 처인구 원삼면 가재월로 23, 21",폐기물처리업,5,15,2024-02-13
70,(주)동우바이오,경기도 용인시 처인구 백암면 삼백로 367-21,폐기물종합재활용업,5,14.5,2024-02-13
71,(주)지솔알이에이치,경기도 용인시 처인구 남사면 경기동로 52,폐기물처리업,5,7.2,2024-02-13
72,연세대학교 의과대학 용인세브란스병원,경기도 용인시 기흥구 동백죽전대로 363,종합병원,4,81.46,2024-02-13
73,다모아자동차서비스,경기도 용인시 기흥구 공세로 208,자동차세차업,5,2.5,2024-02-13
74,㈜프라임개발,경기도 용인시 처인구 남사면 경기동로 2,폐기물종합재활용업,5,10,2024-02-13
75,대야산업㈜,"경기도 용인시 처인구 양지면 대대리 산412-1, 224-1,224-4",건설(터널공사),4,192.2,2024-02-13
76,효원환경 주식회사,경기도 처인구 이동읍 문화로 118,폐기물처리업,5,35.09,2024-02-13
77,계룡건설산업㈜,"경기도 용인시 처인구 원삼면 학일리 10-20, 산117, 산119",건설(터널공사),4,195.1,2024-02-13
78,㈜윈팩,경기도 용인시 처인구 백암면 청강가창로 50,26. 전자집적회로제조,5,0,2024-02-13
79,현대자동차㈜환경기술연구소,"경기도 용인시 기흥구 마북로240번길 17-5, 현대기아 환경기술연구소",연구 및 개발업,5,1.7,2024-02-13
80,(주)현대그린푸드,경기도 용인시 수지구 문인로 30(동천동),연구 및 개발업,5,33,2024-02-13
81,남광토건㈜,"경기도 용인시 기흥구 보정동  1019-440, 1019-1145, 1019-435",건설(터널공사),4,160,2024-02-13
82,대현모터스,경기도 용인시 기흥구 용구대로 1977,자동차세차업,5,3,2024-02-13
83,㈜종근당,경기도 용인시 기흥구 죽전대로 315-20,연구 및 개발업,5,59.05,2024-02-13
84,기흥관광개발㈜,경기도 용인시 기흥구 기흥단지로 398,골프장,5,10,2024-02-13
85,도양기업㈜,경기도 용인시 기흥구 서천동 239-1,건설(터널공사),3,668,2024-02-13
86,㈜삼표산업 용인사업소,처인구 성산로 341번길 24-6 (유방동),골재업,5,0,2024-02-13
87,㈜대영,처인구 이동읍 이원로 295,"폴리스티렌 발포, 기타 플라스틱 발포 성형제품 제조업",5,3.3,2024-02-13
88,㈜엑소콤,처인구 남사읍 수세로86번길8,산업폐기물처리업,5,2.215,2024-02-13
89,㈜삼일에코스텍,경기도 용인시 처인구 남사읍 경기동로 8,토사석 광업,5,0,2024-02-13
90,의료법인 효녀의료재단,경기도 용인시 기흥구 중부대로874번길 1-30(상하동) ,병원시설,5,0.02,2024-02-13
91,㈜삼일에코스텍,경기도 용인시 기흥구 신정로 302-9,"골재, 벽돌 및 시멘트 도매업",5,0,2024-02-13
92,㈜디티앤씨알오,경기도 용인시 처인구 유림로 154번길 46 나동 비임상연구소,연구개발업,5,40.5,2024-02-13
93,스타오리엔탈케어㈜,경기도 용인시 처인구 포곡읍 금어로 276,일반창고업,5,10,2024-02-13
94,㈜동부씨앤씨,경기도 용인시 처인구 모현읍 오산로 45-40,기타 비금속광물제품제조업,5,75,2024-02-13
95,㈜엘티삼보,"경기도 용인시 처인구 원삼면 목신리 782-1, -4,-5",교량터널 및 철도건설업(41222),3,300,2024-02-13
96,㈜디티앤씨알오,"경기도 용인시 처인구 유방동 653-8외 5필지(652-1, 653-1, 685, 685-1(구. 산43-22), 685-2(구. 산46)",연구개발업(701113),5,15.5,2024-02-13
97,(주)대주개발,경기도 용인시 처인구 남사읍 경기동로518번길 20,건축폐기물처리업,5,22.12,2024-02-13
98,㈜에스아이씨이노베이션 용인공장,경기도 용인시 처인구 백암면 삼백로 430번길 22-34,폐기물종합재활용업,5,2.529,2024-02-13
99,(의)녹십자의료재단,경기도 용인시 기흥구 이현로30번길 107(보정동),의학및약학연구개발,5,24.8,2024-02-13
100,영미산업㈜,경기도 용인시 처인구 중부대로1504번길 42,동식물성유지제조업,4,86,2024-02-13
101,가온전선㈜,경기도 용인시 수지구 죽전동 1423,터널공사업,4,80,2024-02-13
102,태원석재,경기도 용인시 처인구 포곡읍 삼계리 62-5.6,비금속(석재),5,4,2024-02-13
103,일원세차장,경기도 용인시 처인구 유방동 500-1,세차,5,4,2024-02-13
104,(주)협력사,경기도 용인시 처인구 고림동 723-4,기타(활성탄),5,1,2024-02-13
105,화승기업,경기도 용인시 처인구 백암면 고안리 494-5,기타(자동차부품),5,43,2024-02-13
106,(주)우일식품,경기도 용인시 처인구 양지면 남곡리 308,식품,5,46,2024-02-13
107,(주)선양,경기도 용인시 처인구 고림동 714-3.4,식품가공,5,16.1,2024-02-13
108,(주)원우유통,경기도 용인시 처인구 모현읍 오산리 산44-1,비금속(레미콘),5,0,2024-02-13
109,금호리조트(주),경기도 용인시 처인구 양지면 양대로 290(대대리 산281-1),골프장,5,41,2024-02-13
110,영동제약(주),경기도 용인시 처인구 이동읍 서리 171외5필지,화학(의약품),5,1,2024-02-13
111,제일상사,경기도 용인시 처인구 포곡읍 금어리 407-2,식품(두부),5,0,2024-02-13
112,조영광학(주),경기도 용인시 처인구 원삼면 맹리 475-3,기타(렌즈),5,5,2024-02-13
113,삼희석재,"경기도 용인시 처인구 모현읍 초부리 425-1,2,3",비금속(석재),5,30,2024-02-13
114,신원셀프세차장,경기도 용인시 처인구 양지면 양지리 584-4,세차,5,9.5,2024-02-13
115,(주)미성석재,경기도 용인시 처인구 양지면 남곡리 640,비금속(석재),5,0,2024-02-13
116,승리석재,경기도 용인시 처인구 모현읍 초부리 455-26,비금속(석재),5,9,2024-02-13
117,용세차장,경기도 용인시 처인구 양지면 남곡리 132,세차,5,5,2024-02-13
118,(주)정미물산,경기도 용인시 처인구 포곡읍 신원리 34-7,비금속(석재),5,20,2024-02-13
119,마블대리석,경기도 용인시 처인구 양지면 제일리 574-4,비금속(석재),5,0,2024-02-13
120,장성석재,경기도 용인시 처인구 모현읍 오산리 121-1,비금속(석재),5,19,2024-02-13
121,(주)블루원,경기도 용인시 처인구 원삼면 죽능리 산38,기타(골프),5,4,2024-02-13
122,미림식품,경기도 용인시 처인구 이동읍 묵리 857-1,식품(두부),5,0,2024-02-13
123,강원세차장,경기도 용인시 처인구 역북동 528-9,세차,5,2,2024-02-13
124,(주)태서전기,경기도 용인시 처인구 양지면 식금리 241-9,기타(전기용품),5,0.08,2024-02-13
125,미광종합식품,경기도 용인시 처인구 양지면 대대리 441-1,식품,5,20,2024-02-13
126,제스 용인주우소,경기도 용인시 처인구 유방동 244-2외 2필지,세차(주유소),5,30,2024-02-13
127,용인센트럴모비지,경기도 용인시 처인구 김량장동  341-8,세차(주유소),5,30,2024-02-13
128,신중앙세차장,경기도 용인시 처인구 포곡읍 삼계리 479-26,세차,5,2.4,2024-02-13
129,대원주유소세차장,경기도 용인시 처인구 유방동 515-6,세차(주유소),5,9.7,2024-02-13
130,남동충전소,경기도 용인시 처인구 남동  186-5,세차(주유소),5,20.8,2024-02-13
131,동경주유세차장,경기도 용인시 처인구 포곡읍 삼계리 191-15(190-4),세차(주유소),5,14.4,2024-02-13
132,(주)진미선산업,경기도 용인시 처인구 마평동 285-6,세차,5,40,2024-02-13
133,정우세차장,경기도 용인시 처인구 마평동 594-1,세차,5,4,2024-02-13
134,성동카센타,경기도 용인시 처인구 이동읍 송전리 718-1,세차,5,3,2024-02-13
135,(주)삼일사,경기도 용인시 처인구 역북동 180-1,세차,5,0,2024-02-13
136,(주)도루코 용인공장,경기도 용인시 처인구 고림동 931,금속(면도날),5,49.5,2024-02-13
137,현대오일뱅크㈜직영 마평현대셀프주유소,경기도 용인시 처인구 마평동 533-7,세차(주유소),5,24,2024-02-13
138,시민셀프세차장,경기도 용인시 처인구 유방동 538-5,세차,5,9,2024-02-13
139,에이제이에너지(주)직영 양지고속주유소,경기도 용인시 처인구 양지면 양지리 486-2(중부대로 2247),세차(주유소),5,25.7,2024-02-13
140,용마세차장,경기도 용인시 처인구 마평동 519-1,세차,5,30,2024-02-13
141,(주)한결에너지,경기도 용인시 처인구 삼가동 239-2,세차,5,24,2024-02-13
142,(주)경원네트웍스,경기도 용인시 처인구 양지면 송문리 153,"세차장(주유,충전)",5,20,2024-02-13
143,성일석재,경기도 용인시 처인구 모현읍 동림리 240-2,비금속(석재),5,10,2024-02-13
144,애니카랜드(천리점),경기도 용인시 처인구 이동읍 천리 761-2,세차,5,3,2024-02-13
145,오수공업사,경기도 용인시 처인구 백암면 백암리 501-4,세차,5,5,2024-02-13
146,한진가스,경기도 용인시 처인구 삼가동 250-7,세차,5,12,2024-02-13
147,(주)삼우식품,경기도 용인시 처인구 모현읍 갈담리 473-3,식품,5,23.5,2024-02-13
148,우성자동차공업사,경기도 용인시 처인구 이동읍 천리 148-5,세차,5,9,2024-02-13
149,일창실업,경기도 용인시 처인구 모현읍 갈담리 152,섬유(세탁),5,40,2024-02-13
150,건민스톤,경기도 용인시 처인구 모현읍 갈담리 429-1,비금속(석재),5,28.15,2024-02-13
151,은화삼컨트리클럽(주),경기도 용인시 처인구 남동  산118-1,세차(골프),5,7,2024-02-13
152,한국플륨(주),경기도 용인시 처인구 백암면 고안리 446외9,콘크리트제품제조,5,1,2024-02-13
153,오아시스,경기도 용인시 처인구 역북동 365-61,세차,5,4,2024-02-13
154,(주)남강화성,경기도 용인시 처인구 남사읍 통삼리 711,화학(플라스틱),5,1.47,2024-02-13
155,(주)델리후레쉬,경기도 용인시 처인구 남사읍 방아리 980,식품,5,30,2024-02-13
156,이삭식품,경기도 용인시 처인구 이동읍 송전리 703,식품(육가공),5,30,2024-02-13
157,대한에너지,경기도 용인시 처인구 마평동 123(중부대로 1788),세차,5,24,2024-02-13
158,중앙식품,"경기도 용인시 처인구 이동읍 묘봉리 484-2,3",식품(수생동물),5,0.24,2024-02-13
159,화산개발(주),경기도 용인시 처인구 이동읍 화산리 산28-1,골프장,5,15.8,2024-02-13
160,현대종합물산(주),경기도 용인시 처인구 이동읍 화산리 295-3,기타(인쇄),5,0.91,2024-02-13
161,우노산업(주),경기도 용인시 처인구 양지면 제일리 621-1,비금속(석재),5,2,2024-02-13
162,㈜한컴라이프케어,경기도 용인시 처인구 양지면 송문리 184-1,소방장비,5,0,2024-02-13
163,용인IC주유소,경기도 용인시 처인구 유방동 341-23외5,세차(주유소),5,32,2024-02-13
164,명가당식품,경기도 용인시 처인구 양지면 남곡리 608-5,식품(떡),5,1.3,2024-02-13
165,우성세차장,경기도 용인시 처인구 삼가동 128-1,세차,5,2,2024-02-13
166,에이치디현대오일뱅크㈜직영 용인IC셀프주유소,경기도 용인시 처인구 유방동 245,세차(주유소),5,27.4,2024-02-13
167,천우제일주유소,경기도 용인시 처인구 마평동 634-4,세차(주유소),5,24,2024-02-13
168,쓰리벨산업,경기도 용인시 처인구 고림동 83-4,비철금속,5,8.56,2024-02-13
169,(주)동남씨엔씨,경기도 용인시 처인구 모현읍 매산리 361-4,타일 및 유사제품 제조업,5,2,2024-02-13
170,(주)대원고속,경기도 용인시 처인구 포곡읍 마성리 247,세차(차고지),5,20.8,2024-02-13
171,(주)동호엠엔지,경기도 용인시 처인구 모현읍 일산리 503-3,비금속(석재),5,20.9,2024-02-13
172,등촌카센타,경기도 용인시 처인구 양지면 양지리 559-1외4필지,"정비,세차",5,3,2024-02-13
173,우물셀프세차장,경기도 용인시 처인구 포곡읍 둔전리 192-6,세차,5,12,2024-02-13
174,모현종합카세차장,경기도 용인시 처인구 모현읍 왕산리 802-1,세차,5,2,2024-02-13
175,동화석재산업,경기도 용인시 처인구 모현읍 동림리 4,비금속(석재),5,2.05,2024-02-13
176,코러패드코리아(주),경기도 용인시 처인구 남사읍 봉명리 46-1,기타(인쇄),5,0.03,2024-02-13
177,의료법인효심의료재단 용인서울병원,경기도 용인시 처인구 고림동 787-1,병원시설,5,7.6,2024-02-13
178,(주)녹십자엠에스,경기도 용인시 처인구 포곡읍 전대리 145-2,의약품제조,5,7.8,2024-02-13
179,평창세차장,경기도 용인시 처인구 마평동 492-3,세차,5,3,2024-02-13
180,왕산주유소,경기도 용인시 처인구 모현읍 왕산리 771-11,세차(주유소),5,25,2024-02-13
181,고림세차장,경기도 용인시 처인구 고림동 580-5 외1(580-3),세차,5,1.44,2024-02-13
182,베스트 손세차,경기도 용인시 처인구 고림동 676-11.17(696-11),세차,5,3,2024-02-13
183,(주)디에스케이상사,경기도 용인시 처인구 이동읍 묵리 829,기타(인쇄),5,0.03,2024-02-13
184,(주)아워홈 용인영업소,경기도 용인시 처인구 남사읍 아곡리 559,식품,5,39.3,2024-02-13
185,(주)경기고속,경기도 용인시 처인구 모현읍 오산리 280-1,세차(차고지),5,24,2024-02-13
186,애니카랜드 마평점,경기도 용인시 처인구 마평동 582-9,세차,5,3.5,2024-02-13
187,지호카메니져,경기도 용인시 처인구 역북동 454-57,세차,5,4.8,2024-02-13
188,㈜위굴리 고진역주유소,경기도 용인시 처인구 유방동 529-16(백옥대로 1234),세차(주유소),5,33.6,2024-02-13
189,남동주유소,경기도 용인시 처인구 남동  178-7,세차(주유소),5,26.4,2024-02-13
190,용인충전소,경기도 용인시 처인구 유방동 539-1,세차(충전소),5,23.2,2024-02-13
191,제일석재,경기도 용인시 처인구 모현읍 초부리 163,비금속(석재),5,141.12,2024-02-13
192,모현석산(주),경기도 용인시 처인구 모현읍 오산리 261-6,세차(세륜),5,22.94,2024-02-13
193,경동인베스트 경동알뜰주유소,경기도 용인시 처인구 마평동 493-6,세차(주유소),5,11,2024-02-13
194,모현주유소,경기도 용인시 처인구 모현읍 매산리 205-10,세차(주유소),5,21.6,2024-02-13
195,신현대모터스,경기도 용인시 처인구 모현읍 매산리 207-2,세차,5,3,2024-02-13
196,일신인터내셔날,경기도 용인시 처인구 양지면 제일리 305,세차,5,24,2024-02-13
197,보성골재,경기도 용인시 처인구 남동  77,비금속(세륜),5,2.26,2024-02-13
198,현대오토피아,경기도 용인시 처인구 역북동 549-14,세차,5,5,2024-02-13
199,브라보셀프세차,경기도 용인시 처인구 모현읍 오산리 275-6,세차,5,4,2024-02-13
200,미트아이(주),경기도 용인시 처인구 모현읍 갈담리 473-3,식품,5,5,2024-02-13
201,㈜우리자동차,"경기도 용인시 처인구 고림동 595, 595-5",세차,5,3,2024-02-13
202,(주)소연에너테크,경기도 용인시 처인구 양지면 제일리 449-5(중부대로 2454),세차,5,10,2024-02-13
203,고성용역,경기도 용인시 처인구 양지면 양지리 118,세차,5,24,2024-02-13
204,육군제2053부대,경기도 용인시 처인구 포곡읍 전대리 6번지,세차(군부대),5,6.5,2024-02-13
205,명성주유소(주),경기도 용인시 처인구 고림동 361-1,세차(주유소),5,20.8,2024-02-13
206,우리주유소,경기도 용인시 처인구 역북동 376-5,세차(주유소),5,48,2024-02-13
207,㈜삼원에너지,경기도 용인시 처인구 남동  388-7,세차(주유소),5,8,2024-02-13
208,(주)케이엠아이티,경기도 용인시 처인구 삼가동 267-2,기타(골프연습장),5,4,2024-02-13
209,주식회사 동부씨앤씨,경기도 용인시 처인구 모현읍 오산리 17-1외 2필지,비금속(골재),5,105,2024-02-13
210,(주)해차림,경기도 용인시 처인구 포곡읍 금어리 309-2,식품(수산물가공),5,2.5,2024-02-13
211,㈜희망나라정보통신 지점 나이스주유소,경기도 용인시 처인구 남동  8-4,세차(주유소),5,21,2024-02-13
212,고려LPG충전소,"경기도 용인시 처인구 마평동 533-26(532, 533-7,  533-23)",세차(충전소),5,24,2024-02-13
213,동산콘크리트산업(주),경기도 용인시 처인구 고림동 216,"비금속(콘트리트타일,벽돌등제조)",5,0.2,2024-02-13
214,SK협진주유소,경기도 용인시 처인구 마평동 549외1필지(549-2),세차(주유소),5,27,2024-02-13
215,육군제2193부대,경기도 용인시 처인구 포곡읍 삼계리 514,세차(군부대),5,4.35,2024-02-13
216,광일토건환경(주),경기도 용인시 처인구 삼가동 145-2번지외(146-4),건축폐기물처리업,5,9.8,2024-02-13
217,호광주유소,경기도 용인시 처인구 포곡읍 둔전리 183외 1필지(192-8),세차(주유소),5,20.8,2024-02-13
218,서울특별시립 백암정신병원,경기도 용인시 처인구 백암면 용천로71번길 30(용천리 264-5),병원(종합),5,0.016,2024-02-13
219,(주)한원컨트리클럽,경기도 용인시 처인구 남사읍 북리 859-1,기타(정수),5,22,2024-02-13
220,일송개발(주),경기도 용인시 처인구 남사읍 창리 산103-3,기타(골프장정수),5,27,2024-02-13
221,(주)일신레저,경기도 용인시 처인구 이동읍 이원로 225(묵리 49-1),기타(정수),5,30,2024-02-13
222,승원주유소,경기도 용인시 처인구 이동읍 덕성리 534,세차(주유소),5,33,2024-02-13
223,제일특수인쇄공업사,경기도 용인시 처인구 백암면 백봉리 752-10,기타(인쇄),5,0,2024-02-13
224,삼아무역상사,경기도 용인시 처인구 이동읍 서리 433-3,화학(프라스틱),5,1.02,2024-02-13
225,(주)원푸드코리아,경기도 용인시 처인구 원삼면 죽능리 445외1,식품(순대),5,46.4,2024-02-13
226,(주)가비푸드,경기도 용인시 처인구 이동읍 덕성리 351-1,식품,5,28,2024-02-13
227,동서바이오팜(주),경기도 용인시 처인구 이동읍 어비리96-2,식품,5,0.22,2024-02-13
228,대원산업사,경기도 용인시 처인구 이동읍 묘봉리 807-2,세척,5,2.66,2024-02-13
229,(주)제이켐,경기도 용인시 처인구 남사읍 봉명리 20-7,화학(프라스틱),5,0.04,2024-02-13
230,(주)그린서림,경기도 용인시 처인구 남사읍 봉명리 219,폐기물처리업,5,1.2,2024-02-13
231,성일기업,경기도 용인시 처인구 남사읍 방아리 312-3,화학(플라스틱),5,0.94,2024-02-13
232,태형수지,경기도 용인시 처인구 남사읍 봉명리 583-8,화학(플라스틱),5,0.2,2024-02-13
233,육군제5708부대,경기도 용인시 처인구 남사읍 창리 산30-1,세차(군부대),5,8,2024-02-13
234,(주)동양아이스,경기도 용인시 처인구 이동읍 천리 산61(717-1),식품,5,37.48,2024-02-13
235,㈜따청푸드테크,경기도 용인시 처인구 이동읍 서리 369-4,식품,5,25,2024-02-13
236,재경전광산업(주),경기도 용인시 처인구 이동읍 송전리 86-1,전구및조명장치제조,5,8.75,2024-02-13
237,단코이코리아,경기도 용인시 처인구 백암면 고안리 610-615,사료제조,5,0.36,2024-02-13
238,청운로지스,경기도 용인시 처인구 이동읍 서리 148외6,목재,5,45,2024-02-13
239,(주)우영인터내셔날,경기도 용인시 처인구 양지면 제일리 466-1,식품(육가공),5,0.5,2024-02-13
240,영동식품,경기도 용인시 처인구 이동읍 서리 338,식품(장류제조),5,0.24,2024-02-13
241,(주)상촌식품,경기도 용인시 처인구 백암면 박곡리 5-2,식품(장류제조),5,0.17,2024-02-13
242,성일수출포장(주),경기도 용인시 처인구 남사읍 방아리 864,인쇄,5,0,2024-02-13
243,승림포장,경기도 용인시 처인구 모현읍 초부리 238,인쇄,5,0.02,2024-02-13
244,용인대학교,경기도 용인시 처인구 삼가동 470,실험실,5,1,2024-02-13
245,성지디지탈,"경기도 용인시 처인구 남사읍 원암리 3,4",전자,5,5.4,2024-02-13
246,삼정문화,경기도 용인시 처인구 이동읍 화산리 183-4외2필지,기타(인쇄),5,0.032,2024-02-13
247,(주)다락,경기도 용인시 처인구 이동읍 시미리 398-1,화학제품,5,0.1,2024-02-13
248,(주)국제식품,경기도 용인시 처인구 남사읍 봉명리 20-2,식품,5,0.15,2024-02-13
249,정연포장,경기도 용인시 처인구 포곡읍 금어리 325-16,골판지,5,0.05,2024-02-13
250,청원영농조합법인,경기도 용인시 처인구 백암면 고안리 1332-1외1필지(1332),기타사료,5,1,2024-02-13
251,태영식품,경기도 용인시 처인구 남사읍 완장리 567,김치,5,11,2024-02-13
252,(주)알엔씨,경기도 용인시 처인구 원삼면 가재월리 720-1,화학(플라스틱),5,0.4,2024-02-13
253,은하셀프세차장,경기도 용인시 처인구 이동읍 천리 506-15,세차,5,9.6,2024-02-13
254,(주)디오푸드,경기도 용인시 처인구 이동읍 묘봉리 281-1 (산56-1외 1필지),식품,5,22,2024-02-13
255,(주)대흥엠앤티,경기도 용인시 처인구 이동읍 서리 411외 3필지,재생용 비금속 가공,5,11.881,2024-02-13
256,(주)엠엠티,경기도 용인시 처인구 이동읍 덕성리 656-5,액정표시장치제조,5,0.4,2024-02-13
257,(주)뉴메드,경기도 용인시 처인구 남사읍 북리 151-27,식품(차류가공),5,0.2,2024-02-13
258,(주)씨케이에프푸드시스템,경기도 용인시 처인구 이동읍 송전리 117-9,식품(육가공),5,4,2024-02-13
259,키맥스(주),경기도 용인시 처인구 이동읍 묘봉리 406(묘봉로 220-15),화학(방향유 및 관련제품제조),5,0.5,2024-02-13
260,(주)한돈식품,"경기도 용인시 처인구 남사읍 원암리 51-2외 2필지(43-7, 51-4)",식품(육가공),5,6,2024-02-13
261,송전휴게소,경기도 용인시 처인구 이동읍 송전리 169-5,세차(주유소),5,24,2024-02-13
262,정일산업(주),경기도 용인시 처인구 남사읍 북리 11-2,폐기물처리(세륜기),5,1.5,2024-02-13
263,삼성바이오헬스케어(주),경기도 용인시 처인구 백암면 근삼리 198-29,식품(인삼식품),5,0.1,2024-02-13
264,솔로아트,경기도 용인시 처인구 이동읍 천리 252-7외 1필지(252-9),세차,5,4,2024-02-13
265,한택식물원,경기도 용인시 처인구 백암면 옥산리 산153-1,연구소,5,0.1,2024-02-13
266,채움셀프주유소,경기도 용인시 처인구 남동  404-2(백옥대로 959),세차(주유소),5,8.8,2024-02-13
267,레이크주유소,경기도 용인시 처인구 모현읍 오산리 172-1,세차(주유소),5,25,2024-02-13
268,㈜케이엔에너지,경기도 용인시 처인구 남동  476-1,세차(차고지),5,20,2024-02-13
269,(주)씨글로벌 용인공장,경기도 용인시 처인구 남사읍 원암리 21-2,기타육지동물고기가공및저장처리,5,40,2024-02-13
270,희망주유소,경기도 용인시 처인구 포곡읍 삼계리 79-9(79-1),세차(주유소),5,20,2024-02-13
271,육군제3222부대,경기도 용인시 처인구 양지면 식금리 사서함 505-23,세차(군부대),5,6.6,2024-02-13
272,다린,경기도 용인시 처인구 이동읍 천리 687-3,의류세탁업,5,40,2024-02-13
273,운학주유소,경기도 용인시 처인구 운학동 429-4,세차(주유소),5,11,2024-02-13
274,(주)대주개발,경기도 용인시 처인구 남사읍 창리 390-2,건축폐기물처리업,5,5.3,2024-02-13
275,(주)한희디핑,경기도 용인시 처인구 양지면 남곡리 434-3,기계장비조립용플라스틱제품제조업,5,0.4,2024-02-13
276,용인한국외국어대학교부설고등학교,경기도 용인시 처인구 모현읍 왕산리 232,학교,5,0.15,2024-02-13
277,명진케미칼㈜,경기도 용인시 처인구 포곡읍 둔전리119-15,고무및플라스틱,5,0.4,2024-02-13
278,(주)아워홈 용인2영업소,경기도 용인시 처인구 남사읍 북리 110-1외 18필지,"도축,고기,수산물가공 및 저장처리시설",5,45.5,2024-02-13
279,승우플라텍,경기도 용인시 처인구 남사읍 북리 558,달리분류되지않은프라스틱일반성형제조,5,0,2024-02-13
280,에버셀프손세차장,경기도 용인시 처인구 포곡읍 전대리 370-1,세차장,5,3.5,2024-02-13
281,씨티엔지니어링(주),경기도 용인시 처인구 백암면 고안리 446-6외 1필지,"계면활성제,치약,비누및 기타 세제 제조시설",5,0.16,2024-02-13
282,동양주유소,경기도 용인시 처인구 백암면 가창리 391-2(385번지),세차(주유소),5,24,2024-02-13
283,블루랜드셀프세차장&주유소,경기도 용인시 처인구 포곡읍 전대리 394,세차(주유소),5,30.5,2024-02-13
284,오일스타㈜,경기도 용인시 처인구 마평동 499-2,세차(주유소),5,20.8,2024-02-13
285,코러패드코리아(주) 2공장,경기도 용인시 처인구 남사읍 원암리 112,골판지상자제조,5,0.03,2024-02-13
286,양지LPG충전소,경기도 용인시 처인구 양지면 양지리 787,세차(주유소),5,49,2024-02-13
287,대한민국상이군경회 환경개발사업소 제2공장,경기도 용인시 처인구 백암면 고안리 168-6,재생용비금속가공원료생산,5,0.17,2024-02-13
288,둔전셀프주유소,경기도 용인시 처인구 포곡읍 둔전리 52-1,세차(주유소),5,24,2024-02-13
289,(주)알이오,경기도 용인시 처인구 백암면 고안리 500,식품,5,8,2024-02-13
290,진목주유소,경기도 용인시 처인구 남사읍 진목리 92-2,세차(주유소),5,20.8,2024-02-13
291,(주)해담솔,경기도 용인시 처인구 양지면 추계리 121-1,기타폐수,5,10,2024-02-13
292,(주)씨엘뱅크 용인지점,경기도 용인시 처인구 이동읍 송전리 205-1,세차(주유소),5,30,2024-02-13
293,(주)풀향기,경기도 용인시 처인구 모현읍 초부리 214-1 C동,식품,5,10,2024-02-13
294,주식회사 제일테크,경기도 용인시 처인구 이동읍 화산리 501-1,재생용비금속가공원료생산업,5,0.9,2024-02-13
295,다온,경기도 용인시 처인구 백암면 근곡리 690-2,세차,5,24,2024-02-13
296,백암농협주유소,"경기도 용인시 처인구 백암면 백암리 469-1,469-4,471-1,471-6",세차(주유소),5,20.8,2024-02-13
297,한비운수합명회사,경기도 용인시 처인구 모현읍 능원리 105,세차(마을버스),5,3.6,2024-02-13
298,타이어사자,경기도 용인시 처인구 마평동 639-10,세차,5,4,2024-02-13
299,동양하이테크산업(주),"경기도 용인시 처인구 원삼면 맹리 689외3(686,687,688)",고압가스제조충전사업,5,12.93,2024-02-13
300,고등기술연구원연구조합,경기도 용인시 처인구 백암면 고안리 633-2,기타(연구),5,10.73,2024-02-13
301,세창스톤,경기도 용인시 처인구 양지면 주북리 803-6,광물제품 제조시설,5,0.3,2024-02-13
302,(주)엠투엔,경기도 용인시 처인구 백암면 고안리 633-2,반도체,5,7,2024-02-13
303,주식회사 스카이웍스필터솔루션즈코리아,경기도 용인시 처인구 백암면 고안리 633-2,기타 무선 통신장비 제조업,5,2.3,2024-02-13
304,그린주유소,경기도 용인시 처인구 양지면 평창리 644-1,세차(주유소),5,20.8,2024-02-13
305,(주)씨엘뱅크 용인지점,경기도 용인시 처인구 이동읍 송전리 205-2,세차(충전소),5,24,2024-02-13
306,(주)원삼주유소,경기도 용인시 처인구 원삼면 맹리 698-5,세차(주유소),5,20.8,2024-02-13
307,주식회사 과연우드,"경기도 용인시 처인구 이동읍 묘봉리 306-1,2",플라스틱제품제조,5,11.254,2024-02-13
308,백봉주유소,경기도 용인시 처인구 백암면 백봉리 833-1,세차(주유소),5,18,2024-02-13
309,광양주유소,경기도 용인시 처인구 백암면 가좌리 242-3.7,세차(주유소),5,22,2024-02-13
310,동양에너지,경기도 용인시 처인구 이동읍 시미리 146,세차(충전소),5,11,2024-02-13
311,(합자)경남여객자동차공사,경기도 용인시 처인구 백암면 가좌리 469-2,"정비,세차",5,6,2024-02-13
312,다과랑,"경기도 용인시 처인구 남사읍 통삼리 461-3,8",식품,5,0.1,2024-02-13
313,성보산업(주),"경기도 용인시 처인구 백암면 백봉리 1384-1,3,46,56,57",골재,5,0,2024-02-13
314,백암약수주유소,"경기도 용인시 처인구 백암면 백암리 252-5,6",세차(주유소),5,14.4,2024-02-13
315,아람스톤,경기도 용인시 처인구 원삼면 사암리 165-2,비금속(석재),5,40,2024-02-13
316,슈퍼맨주유소 주식회사,경기도 용인시 처인구 양지면 양지리 120-19,세차(주유소),5,20.8,2024-02-13
317,(주)에셀,경기도 용인시 처인구 백암면 백봉리 217-12,금속선 가공 제품 제조,5,0.94,2024-02-13
318,(주)테스,경기도 용인시 처인구 양지면 제일리 640-1,반도체제조용기계제조,5,4.35,2024-02-13
319,대원식품,경기도 용인시 처인구 백암면 석천리 292-4,식품(김치),5,10,2024-02-13
320,난지개발(주),경기도 용인시 처인구 양지면 주북리 117외 5필지,레미콘,5,45,2024-02-13
321,(주)지산호스테크,경기도 용인시 처인구 남사읍 원암리 181,"플라스틱,선,봉,관 및 호스제조업",5,0.6,2024-02-13
322,㈜태종에프디,경기도 용인시 처인구 모현읍 초부리 214-1,식품,5,30,2024-02-13
323,남사원주유소,경기도 용인시 처인구 남사읍 원암리 373-4외 1필지,세차(주유소),5,25,2024-02-13
324,(주)농협목우촌용인육가공공장,경기도 용인시 처인구 원삼면 맹리 628,식품(육가공),5,49,2024-02-13
325,㈜광주에너지,경기도 용인시 처인구 양지면 추계리 181,세차(주유소),5,20.8,2024-02-13
326,(주)에이치알테크,경기도 용인시 처인구 남사읍 원암리 180-7,금속원료재생업,5,1,2024-02-13
327,묵리주유소,"경기도 용인시 처인구 이동읍 묵리 571-1,575-1",세차(주유소),5,10,2024-02-13
328,(주)대웅,"경기도 용인시 처인구 포곡읍 삼계리 501-2(501.501-1,501-3,501-4,501-5,501-6,502,502-1,503)",이화학시험시설,5,48,2024-02-13
329,하얀마을카공업사,경기도 용인시 처인구 마평동 695-5,세차시설,5,3,2024-02-13
330,백석산업(주),경기도 용인시 처인구 남사읍 전궁리 47,골재파쇄선별,5,7,2024-02-13
331,석영개발(주),경기도 용인시 처인구 모현읍 오산리 281-2 외14,골재,5,648.4,2024-02-13
332,NO.1 자동차피부과,경기도 용인시 처인구 삼가동 198-13,세차,5,6.5,2024-02-13
333,의료법인용인다보스종합병원,경기도 용인시 처인구 김량장동  18-4,종합병원,5,35,2024-02-13
334,영동산업(주),"경기도 용인시 처인구 이동읍 덕성리 605-12,605-2,605-3,611-3",액체여과기 제조,5,0.45,2024-02-13
335,(주)향우알엔티,경기도 용인시 처인구 백암면 백봉리 628-1,비금속원료재생업,5,0.61,2024-02-13
336,신표준주유소,경기도 용인시 처인구 남사읍 원암리 222-9외 6필지(229-13),세차(주유소),5,14,2024-02-13
337,대성오토,경기도 용인시 처인구 삼가동 217-3,자동차경정비,5,3,2024-02-13
338,동영자동차공업사,경기도 용인시 처인구 양지면 주북리 856-4,세차,5,3,2024-02-13
339,엠앤엔상사,경기도 용인시 처인구 양지면 주북리 367-1,수산물가동,5,8,2024-02-13
340,매산주유소,경기도 용인시 처인구 모현읍 매산리 256-3,세차(주유소),5,19.2,2024-02-13
341,(주)덕진플라스틱,경기도 용인시 처인구 이동읍 화산리 346-2,비금속원료재생업,5,1.11,2024-02-13
342,프레페레,경기도 용인시 처인구 유방동 575-2,아이스크림및기타식용빙과류 제조,5,21,2024-02-13
343,청명유리,경기도 용인시 처인구 모현읍 초부리 674-7,판유리가공품 제조,5,12.5,2024-02-13
344,선봉대에너지,경기도 용인시 처인구 역북동 109-3,세차(충전소),5,30,2024-02-13
345,동인산업(주),경기도 용인시 처인구 이동읍 서리 520-2,"플라스티 선,봉,관 제조",5,0.2,2024-02-13
346,양지크린텍,경기도 용인시 처인구 이동읍 시미리 151-2,세탁업(96911),5,39.6,2024-02-13
347,(주)이노터치테크놀로지,"경기도 용인시 처인구 백암면 백봉리 642외 2필지(643, 1287)","스크린인쇄,반도체",5,2,2024-02-13
348,(주)은강산업,"경기도 용인시 처인구 남사읍 완장리 224, 225",비금속원료재생업,5,0.59,2024-02-13
349,(주)대천산업개발,경기도 용인시 처인구 백암면 박곡리 273-2(청계로 84),비금속(골재),5,0,2024-02-13
350,오토월드,경기도 용인시 처인구 포곡읍 금어리 722-17,세차,5,8,2024-02-13
351,창조자원,"경기도 용인시 처인구 남사읍 완장리 36,36-1",비금속원료재생업,5,0.1,2024-02-13
352,(주)우당기술산업,경기도 용인시 처인구 모현읍 일산리 483-1,"탭,밸브 및 유사장치 제조",5,1632,2024-02-13
353,백암충전소,경기도 용인시 처인구 백암면 근곡리 690,세차(충전소),5,25.5,2024-02-13
354,삼거리손세차장,경기도 용인시 처인구 이동읍 송전리 778-12,자동차세차업,5,3,2024-02-13
355,동신케미칼,경기도 용인시 처인구 백암면 석천리 97-1,지정폐기물중간처리업,5,0.68,2024-02-13
356,육군제7186부대,경기도 용인시 처인구 포곡읍 전대리 46,세차(군부대),5,2.54,2024-02-13
357,한국천주금속(주),경기도 용인시 처인구 남사읍 원암리 43-2,화학(접착제 및 젤라틴),5,0.1,2024-02-13
358,태성인더스트리(주),경기도 용인시 처인구 남사읍 방아리 860,기계장비조립용플라스틱제품제조,5,1.84,2024-02-13
359,(주)다성(용인지점),경기도 용인시 처인구 남사읍 북리 98,골재선별파쇄업,5,11.4,2024-02-13
360,일진알텍(주),경기도 용인시 처인구 이동읍 시미리 328-4,"알루미늄 압연, 압출 및 연신제품 제조업",5,6.09,2024-02-13
361,(주)경성씨앤씨,경기도 용인시 처인구 백암면 석천리 237-6,"콘크리트 타일기와, 벽돌및블록제조",5,1,2024-02-13
362,우리미사랑,경기도 용인시 처인구 포곡읍 마성리 32-1,기타 곡물 가공품 제조업,5,1,2024-02-13
363,(주)우정테크,경기도 용인시 처인구 백암면 장평리 267-2,비금속원료재생업,5,0.85,2024-02-13
364,모과나무충전소,경기도 용인시 처인구 모현읍 매산리 24번지 외 3필지,세차(충전소),5,25,2024-02-13
365,홍재손세차,경기도 용인시 처인구 양지면 양지리 502-9,자동차수리업,5,3,2024-02-13
366,천일주유소,경기도 용인시 처인구 원삼면 미평리 2-2외 4필지,세차(주유소),5,24,2024-02-13
367,광명기업,경기도 용인시 처인구 포곡읍 신원리 241-2,유리제품제조업,5,12,2024-02-13
368,에코케미칼,경기도 용인시 처인구 이동읍 묘봉리 807-3,비금속원료재생업,5,0.53,2024-02-13
369,서일산업(주)동백가스,"경기도 용인시 처인구 삼가동 39-34,39-7",세차(충전소),5,25,2024-02-13
370,베스트오일(주)직영 용인웰컴엘피지충전소,경기도 용인시 처인구 양지면 송문리 457-1외2필지,세차(충전소),5,6.5,2024-02-13
371,신용자동차부분정비공업사,경기도 용인시 처인구 백암면 백암리 368-4,세차,5,2,2024-02-13
372,유림충전소,경기도 용인시 처인구 유방동 532-1,세차(충전소),5,21,2024-02-13
373,엠케이전자(주),경기도 용인시 처인구 포곡읍 금어리 316-2,반도체제조,5,3.89,2024-02-13
374,백암점현대자동차,경기도 용인시 처인구 백암면 백암리 220-1,세차,5,3,2024-02-13
375,㈜에버에너지 갈담주유소,"경기도 용인시 처인구 모현읍 갈담리447-6, 447-7, 657-47번지",세차(주유소),5,6.3,2024-02-13
376,(주)중천2공장,경기도 용인시 처인구 이동읍 덕성리 564-5,폐기물처리업,5,1.3,2024-02-13
377,㈜태극로지스,경기도 용인시 처인구 백암면 고안리 640-3,컨테이너박스임대,5,10,2024-02-13
378,신흥세차장,경기도 용인시 처인구 마평동 240-1,자동차세차업,5,4.5,2024-02-13
379,(주)호성테크,경기도 용인시 처인구 이동읍 화산리 350,포장용 플라스틱 성형용기 제조업(22232),5,0.34,2024-02-13
380,코레드무역(주),경기도 용인시 처인구 원삼면 문촌리 191-8,건설용석제품 제조,5,1,2024-02-13
381,㈜어바웃,경기도 용인시 처인구 원삼면 문촌리 191-11,건설용석제품 제조,5,1,2024-02-13
382,마스터스톤,경기도 용인시 처인구 원삼면  문촌리 191-10,건설용석제품 제조,5,1.5,2024-02-13
383,굿모닝주유소,"경기도 용인시 처인구 모현읍 왕산리 716-4, 9",세차(주유소),5,6.5,2024-02-13
384,엘림금속(주),"경기도 용인시 처인구 이동읍 서리 479-4,7","전자코일, 변성기 및 기타 전자유도자 제조업",5,5,2024-02-13
385,㈜헤아림,경기도 용인시 처인구 포곡읍 삼계리 298-1,냉동수산물 제조업,5,30,2024-02-13
386,(주)유진테크,"경기도 용인시 처인구 양지면 추계리 209-3,7",반도체 제조용 기계 제조,5,1.1,2024-02-13
387, (주)동성식품 용인원삼지점,"경기도 용인시 처인구 원삼면 학일리 595-4 외 2필지(595-5, 595-6)(경기도 용인시 처인구 원삼면 어현로 221)",천연 및 혼합조제 조미료 제조업,5,42.7,2024-02-13
388,케이세미(주),경기도 용인시 처인구 양지면 주북리 568,반도체 제조용 기계 제조,5,3.53,2024-02-13
389,(주)휴먼나이즈,"경기도 용인시 처인구 남사읍 완장리 8, 8-2",기타식품첨가물제조업,5,0.85,2024-02-13
390,(주)오더라인,"경기도 용인시 처인구 이동읍 서리 746-6(마동), 백자로 72(마동)",유선통신장비제조업,5,0.21,2024-02-13
391,원삼농협 클린주유소,"경기도 용인시 처인구 원삼면  맹리 690-17외 2필지(690-18,690-19)",세차(주유소),5,19.8,2024-02-13
392,버블버블셀프세차&손세차,"경기도 용인시 처인구 모현읍 왕산리 431-4,6",셀프세차,5,4.5,2024-02-13
393,(주)비제이,경기도 용인시 처인구 남사읍 방아리 1099,반도체 제조용 기계 제조,5,1.55,2024-02-13
394,(주)한도스페이스,경기도 용인시 처인구 이동읍 묵리 817 (이동읍 염티로 147),건설용 석제품 제조업,5,2.25,2024-02-13
395,(주)동경판지,경기도 용인시 처인구 포곡읍 삼계리 297-2 (백옥대로 1800번길 29),골판지 및 골판지상자 제조업,5,0.2,2024-02-13
396,에이제이네트웍스(주),경기도 용인시 처인구 원삼면 고당리 166-5,산업설비청소,5,45,2024-02-13
397,이동농업협동조합 경제사업장,경기도 용인시 처인구 이동읍 화산리 663,세차,5,5.3,2024-02-13
398,에이나노(주),경기도 용인시 처인구 포곡읍 유운리 79-3,합성수지 및 기타플라스틱물질제조업,5,1.92,2024-02-13
399,(주)융덕콘크리트,경기도 용인시 처인구 모현읍 동림리 5,"콘크리트타일, 기와, 벽돌 및 블록제조업",5,5.6,2024-02-13
400,㈜케이피엘티(KP LT),경기도 용인시 처인구 모현읍 파담로71,전구 및 조명장치제조업,5,0.16,2024-02-13
401,(주)이노쎄라,경기도 용인시 처인구 이동읍 덕성로 43번길 2 (덕성리 814-1),산업용도자기제조업,5,0.84,2024-02-13
402,(주)남강엠앤테크,경기도 용인시 처인구 이동읍 서리로 185 (서리 515-1),폐기물처리업,5,5.1,2024-02-13
403,인포링크(주),경기도 용인시 처인구 남사읍 천덕산로11번길 2외2필지,전구 및 조명장치제조업,5,96,2024-02-13
404,유영(주),"경기도 용인시 처인구 이동읍 백옥대로260번길10 (시미리 185-7외2필지(185-3, 187-1))","플라스틱 선,봉,관 및 호스 제조",5,1.4,2024-02-13
405,그린포장(주),경기도 용인시 처인구 남사읍 원암로 370-9,골판지 및 골판지상자 제조업,5,0.4,2024-02-13
406,크린메디,경기도 용인시 처인구 남사읍 방아리 983(다동),산업용 세탁업,5,26.4,2024-02-13
407,서두산업(주)용인지점,경기도 용인시 처인구 동부로 609-27,토사석채취업,5,25,2024-02-13
408,상현운수(주),경기도 용인시 처인구 모현읍 오산리 289 외5필지,운수업,5,5,2024-02-13
409,제5708부대,경기도 용인시 처인구 포곡읍 포곡로 170 사서함1호(둔전리 91),세차(군부대),5,9.82,2024-02-13
410,지상작전사령부,경기도 용인시 처인구 유방동 829(역북동 사서함 505-4) 근무지원단 수송대 수송관 ,세차(군부대),5,12,2024-02-13
411,태성정공(주),경기도 용인시 처인구 남사읍 북리 20-4,일반철물제조업,5,3.62,2024-02-13
412,(주)진주푸드,경기도 용인시 처인구 원삼면  보개원삼로 1325(목신리 60),"가금류가공 및 저장처리업, 기타 식품첨가물 제조업",5,40,2024-02-13
413,(주)오노르,경기도 용인시 처인구 모현읍 왕산리 774-12,기타인쇄물출판업,5,0.044,2024-02-13
414,농업법인 우리생명(주),경기도 용인시 처인구 백암면 백봉리 1370,육지동물가공및저장처리업,5,30,2024-02-13
415,(주)아성다이소,"경기도 용인시 처인구 남사읍 북리608-28 외3필지(608-23,27,29)",창고,5,4,2024-02-13
416,(주)에이엠비,경기도 용인시 처인구 백암면 한택로 225(옥산리 990-2),기타 비금속광물제조업,5,1.816,2024-02-13
417,금호기업(주),경기도 용인시 처인구 이동읍 묵리 1054(이원로80번길 20-9) ,자동차 부품제조업,5,0.57,2024-02-13
418,경안충전소,경기도 용인시 처인구 모현읍 왕산리727(727-7),자동차세차업,5,3.3,2024-02-13
419,㈜강남미트,경기도 용인시 처인구 백암면 백봉리 1370-10,가금류가공 및 저장처리업,5,9,2024-02-13
420,가드넥㈜,경기도 용인시 처인구 이동읍 서리 124-1 외2필지,그 외 기타 전자부품 제조업,5,3.68,2024-02-13
421,온누리(주),경기도 용인시 처인구 남사읍 완장리 284-5 외 7필지,폐기물재활용업,5,30,2024-02-13
422,씨에스케이(주),경기도 용인시 처인구 포곡읍 금어리 415,기체여과기제조업,5,17.01,2024-02-13
423,(주)케이지써닝라이프,경기도 용인시 처인구 백암면 고안리 산21-29,골프장,5,2,2024-02-13
424,(주)미래엠텍,경기도 용인시 처인구 남사읍 당하로 135-11,무기 및 총포탄제조업,5,2.19,2024-02-13
425,주식회사 지와이워시,경기도 용인시 처인구 고림동 81-2외25필지,휴게소,5,9,2024-02-13
426,(주)월명관광여행사,경기도 용인시 처인구 포곡읍 영문리 494-1,운수업,5,4.5,2024-02-13
427,동희(주),경기도 용인시 처인구 남사읍 방아리 250,전분 및 당류제조업,5,48,2024-02-13
428,모현손세차장,경기도 용인시 처인구 모현읍 일산리 112-45,자동차 세차,5,3,2024-02-13
429,용인버블샤인세차장,"경기도 용인시 처인구 양지면 주북리 694-4, 731-2",세차시설,5,8,2024-02-13
430,로얄제과(주)),경기도 용인시 처인구 고림동 709-1,과자류제조,5,12,2024-02-13
431,태승산업,경기도 용인시 처인구 원삼면 맹리 267,산업용플라스틱 일반성형제품 제조업,5,0.12,2024-02-13
432,천리세차장,경기도 용인시 처인구 이동읍 천리 572-12,자동차세차업,5,4.8,2024-02-13
433,갓차워시 프로페셔널 용인처인점,경기도 용인시 처인구 남동  27-28,자동차세차업,5,3.6,2024-02-13
434,(주)세미솔루션,경기도 용인시 처인구 남사읍 방아리 1081-4,반도체제조용기계제조업(26271),5,2.65,2024-02-13
435,지티에스주식회사,경기도 용인시 처인구 남사읍 당하로 135-11,일반기계 및 장비수리업,5,2,2024-02-13
436,주식회사푸르미푸드,경기도 용인시 처인구 이동읍 서리202-1외 3필지,식품,5,45,2024-02-13
437,주식회사 참신홀딩스,경기도 용인시 처인구 양지면 주북리169-3,완제의약품제조업,5,0.12,2024-02-13
438,금호타이어(역북점),경기도 용인시 처인구 역북동 213-18,자동차세차업,5,3,2024-02-13
439,(주)지디테크놀러지,경기도 용인시 처인구 남사읍 경기동로 21-11,플라스틱적증도포및기타표면처리제품제조업,5,2.83,2024-02-13
440,농업회사법인(주)푸드스토리 용인지점,경기도 용인시 처인구 백암면 죽양대로 801번길 37(백봉리 1370-9),가금류가공 및 저장처리업(10121) ,5,5,2024-02-13
441,백암명품자동차손세차장,경기도 용인시 처인구 백암면 근창리 296-4,자동차세차업,5,2,2024-02-13
442,(주)티에스프레임,"경기도 용인시 처인구 원삼면  목신리 83-1,3,29,85",플라스틱 발포 성형제품제조업[분류번호:22250],5,25.19,2024-02-13
443,신용카,"경기도 용인시 처인구 백암면 박곡리 682-3, 15",자동차세차업,5,2,2024-02-13
444,용인대주유소,경기도 용인시 처인구 이동읍 서리 633-4,세차(주유소),5,20,2024-02-13
445,제원아이알산업주식회사,경기도 용인시 처인구 백암면 근창리 584-1,콘크리트제품제조(23326),5,1,2024-02-13
446,㈜제이제이에프앤비,경기도 용인시 처인구 백암면 고안리 168-5,폐기물처리업,5,0.34,2024-02-13
447,차사랑손세차장,경기도 용인시 처인구 이동읍 백옥대로 569,자동차세차업,5,3,2024-02-13
448,(주)씰테크용인지점,경기도 용인시 처인구 이동읍 묘봉로173번길 51-13,기타 의료용 기기제조업,5,0.75,2024-02-13
449,(주)엠엠티케이,경기도 용인시 처인구 포곡읍 석성로 888번길 18-12,반도체 및 기타 전자부품 제조시설,5,1.09,2024-02-13
450,(주)엠제이알,경기도 용인시 처인구 원삼면 맹리로 127번길 28-10,산업용 비경화 고무제품 제조업,5,0.03,2024-02-13
451,명지대학교(시설관리팀),경기도 용인시 처인구 남동  명지로 116,이화학시험시설,5,48,2024-02-13
452,(주)세라미코,경기도 용인시 처인구 이동읍 염티로 86-8,기타 비금속 광물제품 제조시설,5,13.99,2024-02-13
453,(주)칠칠엘이디산업,경기도 용인시 처인구 이동읍 화산로 79,일반용 조명장치 제조업,5,0.127,2024-02-13
454,양지프리미엄셀프세차,경기도 용인시 처인구 양지면 제일리 350-6,세차,5,8,2024-02-13
455,(주)포톤웨이브,경기도 용인시 처인구 원삼면 좌항리 339-13 2층,"반도체,전자부품제조",5,40.9,2024-02-13
456,LIKE CAR CARE,경기도 용인시 처인구 마평동 493-3,세차,5,3,2024-02-13
457,주식회사 사과나무,경기도 용인시 처인구 포곡읍 삼계리 413-14,세차,5,24,2024-02-13
458,셀세모 용인시 이동점,경기도 용인시 처인구 이동읍 천리 100-10,세차,5,8,2024-02-13
459,(주)아토벡,경기도 용인시 처인구 마평동 176-11,반도체 및 전자부품제조,5,0.512,2024-02-13
460,동부세차장,경기도 용인시 처인구 양지면 양지리 544-3,세차,5,3,2024-02-13
461,포곡농협 가득채움주유소,경기도 용인시 처인구 포곡읍 마성리 270-2,세차(주유소),5,30,2024-02-13
462,주식회사 제이투컴퍼니,경기도 용인시 처인구 이동읍 묘봉로 220-5,기타 비금속 광물제품 제조시설,5,2,2024-02-13
463,㈜남동탄현대서비스,경기도 용인시 처인구 남사읍 통삼리 630-6,세차,5,2,2024-02-13
464,㈜신기산업,경기도 용인시 처인구 이동읍 천리 1009-1,지정외 폐기물 처리업,5,8,2024-02-13
465,(주)미방코팅 용인공장,경기도 용인시 처인구 원삼면 맹리 267-15,"그외기타분류안된비금속광물 제품제조업, 비내화모르타르제조업",5,0,2024-02-13
466,세븐셀프세차장,"경기도 용인시 처인구 모현읍 능원리 138-4,138-10",세차,5,7,2024-02-13
467,효성MCT,"경기도 용인시 처인구 이동읍 묘봉리 161-1,1동",세탁업(96911),5,20,2024-02-13
468,부일카인테리어,경기도 용인시 처인구 삼가동 200-8,세차,5,3,2024-02-13
469,가람전자(주),경기도 용인시 처인구 남사읍 통삼리 642,평판디스플레이제조용 기계제조업(29272),5,4,2024-02-13
470,(주)한원컨트리클럽,경기도 용인시 처인구 남사읍 북리 303-2,세차,5,3,2024-02-13
471,(주)한원컨트리클럽,경기도 용인시 처인구 남사읍 북리 770-3,세차,5,3,2024-02-13
472,대영박스,경기도 용인시 처인구 이동읍 천리 51,판지상자 및 용기제조업,5,0.16,2024-02-13
473,아이포스트(주),경기도 용인시 처인구 원삼면 죽능리 132 외4필지,금속캔 및 기타포장용기제조업,5,6.76,2024-02-13
474,유림워시존,경기도 용인시 처인구 유방동 744,세차,5,16,2024-02-13
475,국방시설본부,경기도 용인시 처인구 포곡읍 유운리 64(사무실:에버랜드로 122),세차,5,4.96,2024-02-13
476,㈜범주산업,경기도 용인시 처인구 남사읍 방아리 927 외2,"해체,선별 및 원료 재생업",5,6.2,2024-02-13
477,스타오리엔탈케어 주식회사,경기도 용인시 처인구 포곡읍 금어리 416-2 외1(707-1),창고,5,10,2024-02-13
478,주식회사 아성무역 한숲시티주유소,경기도 용인시 처인구 남사읍 완장리 498 외1(497-6),세차(주유소),5,25,2024-02-13
479,대지남사서비스(주),경기도 용인시 처인구 남사읍 봉명리 653-13,세차,5,4,2024-02-13
480,케이워시셀프세차장,경기도 용인시 처인구 유방동 536-1,세차,5,21,2024-02-13
481,주식회사 애플에너지,경기도 용인시 처인구 포곡읍 삼계리 584,세차,5,6,2024-02-13
482,고성피앤피,경기도 용인시 처인구 이동읍 덕성리 479-1 외1,지정외 폐기물 처리업,5,43,2024-02-13
483,원탑세차장,경기도 용인시 처인구 역북동 213-26,자동차세차업,5,3,2024-02-13
484,주식회사 주영페이퍼텍,경기도 용인시 처인구 원삼면 미평리 161-1,종이포대 및 가방제조업,5,0.18,2024-02-13
485,씨제이대한통운(주)남사IC주유소,"경기도 용인시 처인구 남사읍 통삼리 811, 660",세차(주유소),5,36,2024-02-13
486,대성주유소,경기도 용인시 처인구 남사읍 창리 507-2,세차(주유소),5,9,2024-02-13
487,미성하이텍,경기도 용인시 처인구 원삼면 문촌리 65-2 외1,건설용 석제품 제조업,5,74.48,2024-02-13
488,(주)덕진플라스틱,경기도 용인시 처인구 이동읍 화산리 342,"플라스틱 필름, 시트 및 판 제조업",5,7.344,2024-02-13
489,(주)네오시스템,경기도 용인시 처인구 이동읍 시미리 163,절삭 가공 및 유사 처리업 외7종,5,0.86,2024-02-13
490,티에스이엔지(주),경기도 용인시 처인구 이동읍 서리 170-6 외1(170-2),합성수지 및 기타플라스틱물질제조업,5,5.49,2024-02-13
491,동림셀프주유소,"경기도 용인시 처인구 양지면 송문리 139-2,3",세차(주유소),5,25,2024-02-13
492,(주)선우테크,"경기도 용인시 처인구 남사읍 방아리 967-4,1,5, 968-1, 969-9,10",건설용석제품 제조,5,41.34,2024-02-13
493,현대3급자동차공업사,"경기도 용인시 처인구 양지면 양지리 451-4,-12,-26, 452-4",자동차세차업,5,4,2024-02-13
494,세진디테일링 양지점,"경기도 용인시 처인구 양지면 송문리 457-11,-16,-23",자동차세차업,5,6,2024-02-13
495,차사랑손세차장,경기도 용인시 처인구 포곡읍 삼계리 62-8,자동차세차업,5,3,2024-02-13
496,포곡크라주유소,경기도 용인시 처인구 포곡읍 삼계리 398-1,세차(주유소),5,20.8,2024-02-13
497,(주)다손개발(워시존),"경기도 용인시 처인구 유방동 503-4, 504-3",자동차세차업,5,19,2024-02-13
498,워시스타그린,경기도 용인시 처인구 포곡읍 신원리 278,자동차세차업,5,8,2024-02-13
499,㈜양지문화,경기도 용인시 처인구 백암면 가좌리 85-2,골판지및골판지상자제조업,5,0.12,2024-02-13
500,마이카욕탕,경기도 용인시 처인구 고림동 235-2,자동차세차업,5,8,2024-02-13
501,워시에브리데이,"경기도 용인시 처인구 양지면  주북리 720-1,-2,-4",자동차세차업(95213),5,4,2024-02-13
502,용인제일메디병원,"경기도 용인시 처인구 포곡읍 둔전리 80-2, 237-7,-8, 337-2,-3, 340",종합병원(86101),5,8.8,2024-02-13
503,몽고진발효,경기도 용인시 처인구 남사읍 봉명리 25외6필지,식품,5,22.2,2024-02-13
504,NO.1.세차장,경기도 용인시 처인구 남사읍 완장리 318,자동차세차업(95213),5,5,2024-02-13
505,워시존 용인시청점,경기도 용인시 처인구 삼가동 179-2,자동차세차업(95213),5,5,2024-02-13
506,㈜유일지텍,경기도 용인시 처인구 백암면 가창리 296-2 외 6필지,건설용석제품제조업(23911),5,0,2024-02-13
507,한솔모터스,경기도 용인시 처인구 남사읍 완장리 493-8,자동차세차업(95213),5,20,2024-02-13
508,㈜핀카,경기도 용인시 처인구 역북동 203-4,자동차세차업(95213),5,2.4,2024-02-13
509,㈜바텍엠시스,경기도 용인시 처인구 이동읍 남북대로 2544,치과용 기기 제조업(27191),5,0.492,2024-02-13
510,에이앤에이티 주식회사,경기도 용인시 처인구 남사읍 북리 179-3,"반도체제조용기계제조업(29271), 디스플레이제조용기계제조업(29272)",5,0,2024-02-13
511,마평세차,"경기도 용인시 처인구 마평동 663-1, 663-2",자동차세차업(95213),5,5,2024-02-13
512,남사 대로 주유소,경기도 용인시 처인구 남사읍 봉명리 188-4 외 2필지,자동차세차업(95213),5,30,2024-02-13
513,제이제이(JJ)바이오,경기도 용인시 처인구 유방동 205,생물학적 제제 제조업(24212),5,47,2024-02-13
514,용인시농업기술센터,경기도 용인시 처인구 원삼면 사암리 858-1,"물리, 화학 및 생물학 연구개발업",5,0.2,2024-02-13
515,신한산업,경기도 용인시 처인구 이동읍 시미곡로 78-7,그 외 기타 1차 철장 제조업(24199),5,0,2024-02-13
516,용인모터스,경기도 용인시 처인구 유방동 698,자동차 수리 및 세차업(95213),5,3,2024-02-13
517,주식회사 태흥기업,"경기도 용인시 처인구 마평동 500-1,501-3,4",차량용주유소운영업,5,5.5,2024-02-13
518,㈜미존테크,경기도 용인시 처인구 죽능리 407-2 외 7필지,건설용석제품제조업(23911),5,0,2024-02-13
519,주식회사 송운개발,경기도 용인시 처인구 삼가동 419-3,골프연습장운영업,5,0,2024-02-13
520,구석구석 손세차,경기도 용인시 처인구 양지면 주북리 1110,자동차세차업(95213),5,3,2024-02-13
521,㈜지원엠알오,경기도 용인시 처인구 이동읍 화산리 532,제조업(17212),5,0,2024-02-13
522,동산셀프세차타운,경기도 용인시 처인구 남동 331-6,자동차세차업(95213),5,30,2024-02-13
523,워시랜드 운학점,경기도 용인시 처인구 운학동 723-4,자동차세차업(95213),5,25,2024-02-13
524,우리박스,경기도 용인시 처인구 이동읍 덕성리 587-2,골판지 및 골판지상자 제조업,5,0,2024-02-13
525,하나팩키지,경기도 용인시 처인구 이동읍 덕성리 587-2,골판지 및 골판지상자 제조업,5,0,2024-02-13
526,㈜미라텍,경기도 용인시 처인구 이동읍 화산리 384-7,합성수지 및 기타플라스틱물질제조업,5,0,2024-02-13
527,에스에이치(S.H) 금속,경기도 용인시 처인구 이동읍 화산로93번길 15-29,금속가공제조,5,0,2024-02-13
528,㈜드림산업,경기도 용인시 처인구 백암면 근삼리 947-2,,5,0,2024-02-13
529,㈜세종에스티,경기도 용인시 처인구 백암면 가좌리 395,비금속제조,5,0,2024-02-13
530,주식회사 시헌,경기도 용인시 처인구 남사읍 완장리 147-1 외2,세차업,5,40,2024-02-13
531,송전 명품 car wash,경기도 용인시 처인구 이동읍 송전리 780-1,세차업,5,10,2024-02-13
532,명주병원,경기도 용인시 처인구 김량장동 254-337외2필지,종합병원,5,43.2,2024-02-13
533,㈜스타오토케어,경기도 용인시 처인구 포곡읍 마성리 72-9 외 5필지,세차업,5,10,2024-02-13
534,클립시스템,경기도 용인시 처인구 고림동 586-7,세차업,5,8,2024-02-13
535,제8971부대 의무후송항공대,경기도 용인시 처인구 포곡읍 전대리 23-1(의무후송항공대),세차업,5,8,2024-02-13
536,GS네트웍스 용인남사,경기도 용인시 처인구 남사읍 북리 150-18,세차업,5,14.2,2024-02-13
537,조은포장,경기도 용인시 처인구 이동읍 시미리 343-2,골판지상자 제조,5,0,2024-02-13
538,㈜에이치에스피엔에스,경기도 용인시 처인구 백암면 고안리 520 외8,기타콘크리트제품 및 유사제품 제조업,5,0,2024-02-13
539,㈜한결팩키지,경기도 용인시 처인구 이동읍 화산로 5,골판지상자 제조,5,0,2024-02-13
540,㈜용인남동현대모터스,경기도 용인시 처인구 남동 390-8,자동차 세차업,5,0,2024-02-13
541,우리셀프세차장,경기도 용인시 처인구 마평동 613-2 외 3,세차업,5,8,2024-02-13
542,주식회사 한석시스템,경기도 용인시 처인구 백암면 고안리 775 외 21,기타 비금속 광물제품 제조시설,5,0,2024-02-13
543,동화종합자동차공업 주식회사,"경기도 용인시 처인구 모현읍 오산리 150-4 외2(150-7, 154-6)",세차업,5,3,2024-02-13
544,유케이테크㈜,경기도 용인시 처인구 백암면 가창리 296-5,건설용 석제품 제조업,5,0,2024-02-13
545,㈜영재컴퍼니,경기도 용인시 처인구 이동읍 화산리 200 외 4 ,가공 및 재생 플라스틱원료 생산업,5,0,2024-02-13
546,㈜벨류리소스,경기도 용인시 처인구 남사읍 서촌로 71,지정외 폐기물 처리업,5,0,2024-02-13
547,킹콩샤워 용인점,경기도 용인시 처인구 백옥대로 1365-1,자동차세차업,5,7,2024-02-13
548,㈜호산기술,경기도 용인시 처인구 양지면 송주로236번길 100-25,유압기기 제조업,5,0,2024-02-13
549,컴인워시 용인처인점,경기도 용인시 처인구 이동읍 백옥대로 846,자동차세차업,5,30,2024-02-13
550,㈜엠엔비물산,"경기도 용인시 처인구 원삼면 죽능리 445, 445-1",동물용 사료 및 조제식품 제조업,5,0,2024-02-13
551,웨이브패키지,경기도 용인시 처인구 이동읍 화산리 201,스크린인쇄업,5,0.1,2024-02-13
552,디딤돌주유소,경기도 용인시 처인구 백암면 백봉리 602-1,세차업,5,29,2024-02-13
553,(주)국일테크,경기도 용인시 처인구 이동읍 덕성산단2로 76번길 31-1,"플라스틱 필름,시트 및 판 제조업",5,0,2024-02-13
554,㈜에이씨엠리서치코리아,"경기도 용인시 처인구 백암면 고안리 633-2, 1층",기타(연구),5,5.945,2024-02-13
555,제이텍,경기도 용인시 처인구 양지면 주북리 749-6,반도체제조용 기계제조업,5,0.92,2024-02-13
556,(유)이플렉스 직영 남사주유소,경기도 용인시 처인구 남사읍 봉명리 211-7 외 3필지,차량용주유소운영업,5,45,2024-02-13
557,하동카냉동1급종합정비공장,경기도 용인시 처인구 남동 347-9,자동차 정비업,5,3,2024-02-13
558,디케이워시남사점,경기도 용인시 처인구 남사읍 원암리 218-1,자동차세차업(95213_,5,9,2024-02-13
559,동양비료㈜,경기도 용인시 처인구 백암면 고안리 1333,지정 외 폐기물처리업,5,3.312,2024-02-13
560,탑건셀프세차장,경기도 용인시 처인구 포곡읍 둔전리 411-1,세차업,5,8,2024-02-13
561,화성광주고속도로㈜,경기도 용인시 처인구 포곡읍 영문리 5-26,건설업,5,0,2024-02-13
562,㈜포톤웨이브,경기도 용인시 처인구 백암면 고안리 633-2,"전기,전자공학 연구 개발업",5,3.64,2024-02-13
563,㈜창조테크노,경기도 용인시 처인구 이동읍 화산리 399-1,"물질검사, 측정 및 분석기구 제조업",5,0.11,2024-02-13
564,미래환경,경기도 용인시 처인구 남사읍 봉무리 122-1,자동차수리업(세차),5,3,2024-02-13
565,㈜셀빛,경기도 용인시 처인구 남사읍 완장리 134-6,반도체제조용 기계제조업,5,1.65,2024-02-13
566,㈜다성(용인3지점),경기도 용인시 처인구 남사읍 북리 100,"도매 및 소매업(골재, 벽돌 및 시멘트 도매업)",5,0,2024-02-13
567,제이케이솔루션,"경기도 용인시 처인구 남사읍 방아리 1071,1071-8",반도체제조용 기계제조업,5,0.92,2024-02-13
568,한스카케어,경기도 용인시 처인구 원삼면 독성리 294-1,세차업,5,0.5,2024-02-13
569,경기제일주유소,경기도 용인시 처인구 원삼면 송전리 938-5,세차업,5,20.8,2024-02-13
570,㈜에코비트,"경기도 용인시 처인구 이동읍 서리 743-2, 743-3, 743-4, 744-3, 744-6, 746-8",토양 및 지하수 정화업,5,636.6,2024-02-13
571,다이어리,경기도 용인시 처인구 모현읍 매산리 산85-2 외1,주유소운영업,5,5,2024-02-13
572,오토플러스솔루션(주),경기도 용인시 처인구 양지면 평창리 270-1번지,자동차세차업,5,9,2024-02-13
573,(유)아르힐포레첨단주유소,경기도 용인시 처인구 이동읍 천리 864,운송장비용 주유소운영업,5,48,2024-02-13
574,㈜다성용인제2공장지점,경기도 용인시 처인구 남사읍 북리 91-1,비금속광물 분쇄물 생산업,5,0,2024-02-13
575,유비머트리얼즈㈜,경기도 용인시 처인구 양지면 양지리 56-3,반도체소자 제조업,5,2.93,2024-02-13
576,컴인워시 용인양지점,경기도 용인시 처인구 양지면 양지리 166-3,자동차세차업,5,48,2024-02-13
577,일성포장,경기도 용인시 처인구 이동읍 묘봉리 219-6번지 외 6필지,골판지 상자 및 가공제품 제조업,5,0.01,2024-02-13
578,㈜엔씨티,경기도 용인시 처인구 남사읍 원암로 370-26,"기타 기술 시험, 검사 및 분석업",5,3.62,2024-02-13
579,(유)이영반도체주유소,경기도 용인시 처인구 이동읍 천리 874,자동차세차업,5,48,2024-02-13
580,크리스탈 리스토어 센터,경기도 용인시 처인구 모현읍 매산리 188-4,자동차세차업,5,2,2024-02-13
581,한국도로공사 용인구리건설사업단,경기도 용인시 처인구 모현읍 매산리 400번지 외 30필지,"운수 및 창고업, 기타육상운송지원서비스업",5,8,2024-02-13
582,롯데쇼핑㈜롯데슈퍼신갈물류센터,경기도 용인시 기흥구 하갈로86번길 46 (하갈동),식품(농수산물),5,23,2024-02-13
583,삼부산업㈜,경기도 용인시 기흥구 중부대로 672-12 (상하동),섬유,5,40,2024-02-13
584,㈜엔케이푸드시스템,경기도 용인시 기흥구 언동로 210-10 (상하동),식품,5,6,2024-02-13
585,현대자동차㈜신갈출고,경기도 용인시 기흥구 중부대로 690 (상하동),세차업,5,48,2024-02-13
586,슈퍼덴트칼라,경기도 용인시 기흥구 중부대로 15 (영덕동),세차업,5,3,2024-02-13
587,신갈모터스,경기도 용인시 기흥구 신갈로 12 (상갈동),세차업(정비),5,3,2024-02-13
588,기흥IC주유소,경기도 용인시 기흥구 기흥단지로 45 (고매동),세차업(주유소),5,5,2024-02-13
589,국토교통부 수원국토관리사무소,경기도 용인시 기흥구 용구대로2291번길 12 (신갈동),세차업,5,3,2024-02-13
590,주식회사고매,경기도 용인시 기흥구 삼성2로 259-8 (고매동),세차업(정비),5,1,2024-02-13
591,에이치디현대오일뱅크(주)직영 경기주유소,경기도 용인시 기흥구 중부대로 312 (신갈동),세차업(주유소),5,24,2024-02-13
592,㈜도남산업,경기도 용인시 기흥구 농서로 27 (고매동),금속(용기),5,2.4,2024-02-13
593,현대건설㈜(기술연구원),경기도 용인시 기흥구 마북로240번길 17-6 (마북동),기타(연구),5,3.446,2024-02-13
594,한국철도공사수도권동부본부분당차량사업소,경기도 용인시 기흥구 용구대로 2621 (보정동),세차업,5,20,2024-02-13
595,명성카세차장,경기도 용인시 기흥구 동탄기흥로 709 (고매동),세차업(정비),5,10,2024-02-13
596,신무궁화주유소,경기도 용인시 기흥구 용구대로2469번길 78 (보정동),세차업(주유소),5,22.8,2024-02-13
597,미키주유소,경기도 용인시 기흥구 용구대로2469번길 57 (보정동),세차업(주유소),5,40,2024-02-13
598,강남병원,경기도 용인시 기흥구 중부대로 411 (신갈동),기타(병원),5,32,2024-02-13
599,㈜한미석유 구성그린주유소,경기도 용인시 기흥구 용구대로 2421 (마북동),세차업(주유소),5,40,2024-02-13
600,에이치디현대오일뱅크(주) 직영 청명현대셀프주유소,경기도 용인시 기흥구 청명산로 1 (하갈동),세차업(주유소),5,7,2024-02-13
601,동화주유소,경기도 용인시 기흥구 중부대로 752 (상하동),세차업(주유소),5,22.8,2024-02-13
602,153주유소,경기도 용인시 기흥구 공세로 64 (고매동),세차업(주유소),5,20.4,2024-02-13
603,유원화학,경기도 용인시 기흥구 중부대로 808-16 (상하동),화학(향료),5,0.2,2024-02-13
604,삼미상사㈜한양주유소,경기도 용인시 기흥구 중부대로 716 (상하동),세차업(주유소),5,38,2024-02-13
605,한국도로공사수원지사,경기도 용인시 기흥구 덕영대로 2062 (영덕동),세차업,5,8,2024-02-13
606,반도체카세차장,경기도 용인시 기흥구 농서로153번길 9 (농서동),세차업,5,3,2024-02-13
607,국가보훈부88골프장,경기도 용인시 기흥구 석성로521번길 169 (청덕동),골프장,5,30.3,2024-02-13
608,삼성웰스토리㈜,경기도 용인시 기흥구 용구대로 2442-1 (마북동),기타(실험실),5,0.5,2024-02-13
609,영덕주유소,경기도 용인시 기흥구 중부대로 137 (영덕동),세차업(주유소),5,40,2024-02-13
610,건영세차장,경기도 용인시 기흥구 신정로 73 (신갈동),세차업,5,10,2024-02-13
611,에이치디현대오일뱅크(주) 직영 기흥셀프주유소,경기도 용인시 기흥구 용구대로 1876 (보라동),세차업(주유소),5,45,2024-02-13
612,이코넥스㈜중앙연구소,경기도 용인시 기흥구 신정로41번길 46 (신갈동),기타(연구),5,0.5,2024-02-13
613,대신석유㈜신안주유소,경기도 용인시 기흥구 중부대로 234 (영덕동),세차업(주유소),5,24,2024-02-13
614,에이치디현대오일뱅크(주) 직영 기흥현대셀프주유소,경기도 용인시 기흥구 기흥로 68 (구갈동),세차업(주유소),5,45,2024-02-13
615,신갈주유소,경기도 용인시 기흥구 중부대로 261 (영덕동),세차업(주유소),5,30,2024-02-13
616,삼성오토세차장,경기도 용인시 기흥구 농서로153번길 18 (농서동),세차업,5,3,2024-02-13
617,에이치디현대오일뱅크(주) 직영 구성신도시주유소,경기도 용인시 기흥구 용구대로 2381 (마북동),세차업(주유소),5,24,2024-02-13
618,㈜부영에너지,경기도 용인시 기흥구 사은로 171 (지곡동),세차업(주유소),5,30,2024-02-13
619,삼성카센타,경기도 용인시 기흥구 덕영대로 1916 (하갈동),세차업(정비),5,3,2024-02-13
620,삼일카세차장,경기도 용인시 기흥구 신정로237번길 35 (신갈동),세차업,5,14.4,2024-02-13
621,그린에너지,경기도 용인시 기흥구 덕영대로 1872 (하갈동),세차업(주유소),5,20.3,2024-02-13
622,㈜미트팜스,경기도 용인시 기흥구 하갈로86번길 17-2 (하갈동),식품(육가공),5,0,2024-02-13
623,반도체충전소,경기도 용인시 기흥구 삼성2로 61 (농서동),세차업(주유소),5,34,2024-02-13
624,STX엔진㈜,경기도 용인시 기흥구 구성로 288 (청덕동),방송통신,5,8.1128,2024-02-13
625,신갈LPG충전소,경기도 용인시 기흥구 용구대로2469번길 53 (보정동),세차업(주유소),5,33,2024-02-13
626,민속촌LPG충전소,경기도 용인시 기흥구 사은로 178 (지곡동),세차업(주유소),5,32.4,2024-02-13
627,워시랩 용인신갈점,경기도 용인시 기흥구 신갈로 28 (상갈동),세차업,5,10,2024-02-13
628,하갈셀프주유소,경기도 용인시 기흥구 덕영대로 1920 (하갈동),세차업(주유소),5,24,2024-02-13
629,EDS보정오토랜드,경기도 용인시 기흥구 용구대로2469번길 46 (보정동),세차업(정비),5,6,2024-02-13
630,SK네트웍스㈜기흥셀프주유소,경기도 용인시 기흥구 중부대로 519 (구갈동),세차업(주유소),5,40,2024-02-13
631,도로교통공단용인운전면허시험장,경기도 용인시 기흥구 용구대로 2267 (신갈동),세차업,5,5,2024-02-13
632,에이치디현대오일뱅크(주) 직영 기흥TG셀프주유소,경기도 용인시 기흥구 삼성2로 34 (농서동),세차업(주유소),5,24,2024-02-13
633,기흥스마트주유소㈜ ,경기도 용인시 기흥구 동탄기흥로 750 (고매동),세차업(주유소),5,8,2024-02-13
634,광명세차장,경기도 용인시 기흥구 영통로525번길 6 (영덕동),세차업,5,6,2024-02-13
635,차와사람,경기도 용인시 기흥구 삼성2로 53 (농서동),세차업,5,3,2024-02-13
636,용우24시셀프세차타운,경기도 용인시 기흥구 민속촌로 14 (보라동),세차업,5,15,2024-02-13
637,신우건업㈜,경기도 용인시 기흥구 언동로30번길 49 (언남동),비금속광물채취,5,0,2024-02-13
638,맥스웰테크놀로지스코리아㈜,경기도 용인시 기흥구 동탄기흥로681번길 17 (고매동),"전자축전기제조업(26292), 축전지제조업(28202)",5,1.56,2024-02-13
639,㈜억불에너지,경기도 용인시 기흥구 보라동 376-12,세차업(주유소),5,0,2024-02-13
640,동원,경기도 용인시 기흥구 고매로 42-26 (고매동),세차업,5,4,2024-02-13
641,㈜에스지모터스,경기도 용인시 기흥구 언동로30번길 25 (언남동),세차업(정비),5,6,2024-02-13
642,㈜자연에너지,경기도 용인시 기흥구 동탄기흥로 653 (고매동),세차업(주유소),5,42,2024-02-13
643,㈜유리에너지 신도시주유소,경기도 용인시 기흥구 금화로 2 (상갈동),세차업(주유소),5,48,2024-02-13
644,대경석유㈜,경기도 용인시 기흥구 중부대로 551 (구갈동),세차업(주유소),5,27.5,2024-02-13
645,주식회사 한국애보트진단,경기도 용인시 기흥구 보라하갈로 65 (하갈동),화학(의료용품제조),5,3,2024-02-13
646,삼우에너지,경기도 용인시 기흥구 사은로 334 (상하동),세차업(주유소),5,24,2024-02-13
647,24시셀프세차장,경기도 용인시 기흥구 중부대로 527 (구갈동),세차업,5,6,2024-02-13
648,동백주유소 주식회사,경기도 용인시 기흥구 언동로 121 (상하동),세차업(주유소),5,15,2024-02-13
649,㈜랍스타허브 기흥지점,경기도 용인시 기흥구 공세로 22 (고매동),식품(육가공),5,6,2024-02-13
650,㈜서율주유소 지점,경기도 용인시 기흥구 어정로 52 (상하동),세차업(주유소),5,33.6,2024-02-13
651,동백IC주유소,경기도 용인시 기흥구 동백죽전대로 560 (동백동),세차업(주유소),5,33.6,2024-02-13
652,리버티오토,경기도 용인시 기흥구 신갈로 85-1 (신갈동),세차업(정비),5,3.4,2024-02-13
653,마북LPG충전소,경기도 용인시 기흥구 용구대로 2294 (마북동),세차업(주유소),5,45,2024-02-13
654,㈜경동플라스틱,경기도 용인시 기흥구 상하동 283-1,플라스틱,5,0,2024-02-13
655,동백쥬네브주유소,경기도 용인시 기흥구 동백중앙로 260 (중동),세차업(주유소),5,34,2024-02-13
656,동백LPG충전소,경기도 용인시 기흥구 동백죽전대로 563 (동백동),세차업(주유소),5,48,2024-02-13
657,어정세차장,경기도 용인시 기흥구 언동로 186 (중동),세차업,5,3,2024-02-13
658,언남에너지 유한책임회사,경기도 용인시 기흥구 마북로2번길 69 (언남동),세차업(주유소),5,16,2024-02-13
659,초당에너지,경기도 용인시 기흥구 동백죽전대로 179 (중동),세차업(주유소),5,11,2024-02-13
660,㈜홈런주유소동백지점,경기도 용인시 기흥구 동백죽전대로 381 (중동),세차업(주유소),5,28,2024-02-13
661,㈜소모 보정셀프주유소,경기도 용인시 기흥구 용구대로 2570 (보정동),세차업(주유소),5,30,2024-02-13
662,차사랑손세차및셀프세차,경기도 용인시 기흥구 석성로301번길 3-5 (언남동),세차업,5,4,2024-02-13
663,동백시티주유소,경기도 용인시 기흥구 동백죽전대로556번길 1 (동백동),세차업(주유소),5,11,2024-02-13
664,삼미상사㈜보라SELF주유소,경기도 용인시 기흥구 용구대로 1835 (보라동),세차업(주유소),5,25,2024-02-13
665,새천년자동차공업사,경기도 용인시 기흥구 용구대로 2251 (신갈동),세차업(정비),5,2.4,2024-02-13
666,아이언맨주유소,경기도 용인시 기흥구 신갈로 13 (상갈동),세차업(주유소),5,30,2024-02-13
667,세명주유소,경기도 용인시 기흥구 신정로 295 (보정동),세차업(주유소),5,33,2024-02-13
668,구도일주유소 우전,경기도 용인시 기흥구 동백죽전대로 143 (중동),세차업(주유소),5,14,2024-02-13
669,용인교통㈜,경기도 용인시 기흥구 지곡동 174-2,세차업,5,16,2024-02-13
670,기흥경인주유소,경기도 용인시 기흥구 공세로 162 (공세동),세차업(주유소),5,33,2024-02-13
671,씨엠씨모터스,경기도 용인시 기흥구 용구대로 2364-5 (마북동),세차업(정비),5,3,2024-02-13
672,신갈자동차월드,경기도 용인시 기흥구 상미로 84 (신갈동),세차업(정비),5,3,2024-02-13
673,태광골프연습장,경기도 용인시 기흥구 흥덕4로 77 (신갈동),기타,5,8.8,2024-02-13
674,행복한세차장,경기도 용인시 기흥구 상갈로 47 (상갈동),세차업,5,3,2024-02-13
675,센트럴모터스㈜수원센터,경기도 용인시 기흥구 영통로525번길 2 (영덕동),세차업(정비),5,10,2024-02-13
676,㈜삼표에너지보정주유소,경기도 용인시 기흥구 용구대로2469번길 150 (보정동),세차업(주유소),5,48,2024-02-13
677,SK에너지㈜직영 기쁨셀프주유소,경기도 용인시 기흥구 용구대로2469번길 130 (보정동),세차업(주유소),5,34,2024-02-13
678,㈜남경프라임,경기도 용인시 기흥구 마북로 130 (마북동),세차업(주유소),5,30,2024-02-13
679,세동석유주식회사,경기도 용인시 기흥구 기곡로 3 (하갈동),세차업(주유소),5,20,2024-02-13
680,신화주유소,경기도 용인시 기흥구 사은로 255 (지곡동),세차업(주유소),5,10,2024-02-13
681,수지충전소,경기도 용인시 기흥구 신정로 609 (보정동),세차업(주유소),5,20,2024-02-13
682,구미카센타,경기도 용인시 기흥구 동백죽전대로 299 (중동),세차업(정비),5,2,2024-02-13
683,㈜두창주유소,경기도 용인시 기흥구 언동로 197 (중동),세차업(주유소),5,10.4,2024-02-13
684,구갈(대천)충전소,경기도 용인시 기흥구 중부대로 514 (구갈동),세차업(주유소),5,8,2024-02-13
685,㈜구갈현대서비스,경기도 용인시 기흥구 중부대로 537-15 (구갈동),세차업,5,3,2024-02-13
686,주식회사죽전역주유소,경기도 용인시 기흥구 진산로 188 (보정동),세차업(주유소),5,34,2024-02-13
687,상하길벗에너지㈜,경기도 용인시 기흥구 중부대로 667 (상하동),세차업(주유소),5,10.4,2024-02-13
688,주식회사 새라컴퍼니,경기도 용인시 기흥구 용구대로 2308 (마북동),세차업(정비),5,6.4,2024-02-13
689,경기도립노인전문용인병원,경기도 용인시 기흥구 중부대로 940 (상하동),병원시설,5,0.0296,2024-02-13
690,예원손세차,경기도 용인시 기흥구 중부대로56번길 6 (영덕동),세차업(정비),5,3,2024-02-13
691,스카이손세차,경기도 용인시 기흥구 중부대로 663 (상하동),세차업(정비),5,3,2024-02-13
692,비전손세차장,경기도 용인시 기흥구 언동로217번길 45-17 (동백동),세차업,5,0,2024-02-13
693,㈜지에스이앤알 흥덕주유소,경기도 용인시 기흥구 흥덕중앙로 92 (영덕동),세차업(주유소),5,48,2024-02-13
694,죽전곰탱이24시셀프세차장,경기도 용인시 기흥구 포은대로512번길 26 (보정동),세차업,5,6,2024-02-13
695,경일석유㈜도영주유소,경기도 용인시 기흥구 용구대로2291번길 38 (신갈동),세차업(주유소),5,10,2024-02-13
696,실리콘디스플레이㈜,경기도 용인시 기흥구 탑실로58번길 8 (공세동),그외기타전자부품제조업(26299),5,0.645,2024-02-13
697,SK에너지㈜대흥,경기도 용인시 기흥구 신수로 570 (보정동),세차업(주유소),5,3,2024-02-13
698,웨이브로드㈜,"경기도 용인시 기흥구 원고매로2번길 49 (고매동), 3층","발광다이오드제조업(26121), 기타반도체소자제조업(26129)",5,48.35,2024-02-13
699,㈜세일 GTX용인역 주유소,경기도 용인시 기흥구 신수로 547 (보정동),세차업(주유소),5,17.5,2024-02-13
700,케이씨씨모빌리티㈜,경기도 용인시 기흥구 용구대로 1845 (하갈동),세차업(정비),5,2.5,2024-02-13
701,㈜한불화농,경기도 용인시 기흥구 언동로 192 (상하동),화학,5,35.88,2024-02-13
702,현대약품㈜,경기도 용인시 기흥구 중부대로874번길 10 (상하동),"물리,화학 및 생물학연구개발업",5,0.371,2024-02-13
703,대림셀프상미세차장,경기도 용인시 기흥구 용구대로 2201 (신갈동),세차업,5,4.5,2024-02-13
704,주식회사세이브주유소,경기도 용인시 기흥구 공세로 63 (고매동),세차업(주유소),5,9.6,2024-02-13
705,주식회사 한국애보트진단,경기도 용인시 기흥구 하갈로15번길 46 (보라동),"연구, 제조업",5,5,2024-02-13
706,서일석유주식회사 기흥서일주유소,경기도 용인시 기흥구 신수로 179 (신갈동),세차업(주유소),5,40,2024-02-13
707,동백세차장,경기도 용인시 기흥구 동백죽전대로 295 (중동),세차업,5,4.5,2024-02-13
708,유워시분당용인센터,경기도 용인시 기흥구 용구대로2469번길 64 (보정동),세차업,5,8,2024-02-13
709,(재)에스디 의학연구소,경기도 용인시 기흥구 동백중앙로 53-21 (중동) 1~6층,의료업,5,3,2024-02-13
710,합명회사수성교통,경기도 용인시 기흥구 신정로 323 (보정동),세차업,5,13.5,2024-02-13
711,한일자동차공업사,경기도 용인시 기흥구 구성로 148 (언남동),세차업(정비),5,3,2024-02-13
712,㈜대림골재,경기도 용인시 기흥구 용구대로2469번길 68-10 (보정동),비금속광물제조업,5,7,2024-02-13
713,라이온셀프세차장,경기도 용인시 기흥구 이현로 35 (보정동),세차업,5,8,2024-02-13
714,광교서일주유소,경기도 용인시 기흥구 석성로 1 (보정동),세차업(주유소),5,40,2024-02-13
715,르노코리아자동차지정정비센터기흥정비㈜,"경기도 용인시 기흥구 신갈로 5-3, 5-9 (상갈동)",세차업(정비),5,9.5,2024-02-13
716,그린케미칼㈜,"경기도 용인시 기흥구 동백중앙로16번길 16-9 (중동), 6층",기타 공학 연구개발업,5,1,2024-02-13
717,어드벤스일렉트릭코리아유한회사,"경기도 용인시 기흥구 흥덕중앙로 120 (영덕동), 지1층 제비163~172호",그외 기타전자제품 제조업(26299),5,8.3,2024-02-13
718,솔브레인주식회사,경기도 용인시 기흥구 신정로41번길 52-19 (신갈동),연구 및 개발업(70111),5,0.65,2024-02-13
719,서천셀프세차타운,경기도 용인시 기흥구 서그내로53번길 3-29 (서천동),세차업,5,8,2024-02-13
720,정윤모터스,경기도 용인시 기흥구 한보라2로28번길 7-22 (보라동),세차업(정비),5,3,2024-02-13
721,수원IC LPG충전소,경기도 용인시 기흥구 중부대로 252-1 (영덕동),세차업(주유소),5,12,2024-02-13
722,용인 상사 주유소,경기도 용인시 기흥구 중부대로 199 (영덕동),세차업(주유소),5,5.76,2024-02-13
723,㈜광교현대정비사업소,경기도 용인시 기흥구 신수로 304 (보정동),세차업(정비),5,2,2024-02-13
724,리베로Ⅱ 세차장,경기도 용인시 기흥구 어정로 36 (상하동),세차업,5,3,2024-02-13
725,주식회사서천제일자동차공업사,경기도 용인시 기흥구 서그내로53번길 3-4 (서천동),세차업(정비),5,3,2024-02-13
726,베올리아산업개발코리아㈜디에이치지점,경기도 용인시 기흥구 신정로237번길 46 (신갈동),재활용,5,6.6,2024-02-13
727,강산세차장,경기도 용인시 기흥구 구성로 59 (마북동),세차업,5,2.5,2024-02-13
728,클라쎄오토㈜수원지점,경기도 용인시 기흥구 중부대로56번길 8 (영덕동),세차업(정비),5,9,2024-02-13
729,언남주유소,경기도 용인시 기흥구 구성로 152 (언남동),세차업(주유소),5,24,2024-02-13
730,강북삼성수원의원,"경기도 용인시 기흥구 흥덕1로 13 (영덕동), A동 37~40층",의원,5,28,2024-02-13
731,용천셀프세차장,경기도 용인시 기흥구 중부대로 553 (구갈동),세차업,5,8,2024-02-13
732,동화약품㈜,경기도 용인시 기흥구 탑실로35번길 71 (공세동),의학 및 약학 연구 개발업,5,45,2024-02-13
733,주식회사이수앱지스,경기도 용인시 기흥구 동백중앙로16번길 16-25 (중동),생물학적제제업,5,4,2024-02-13
734,㈜엘앤케이바이오메드,경기도 용인시 기흥구 동백중앙로16번길 16-25 (중동),임플란트 제조,5,1.4,2024-02-13
735,코스팜㈜,경기도 용인시 기흥구 동백중앙로16번길 16-4 (중동),화장품제조,5,0.2,2024-02-13
736,린데코리아 주식회사,경기도 용인시 기흥구 농서로 60(농서동),산업용 가스 제조업,5,48,2024-02-13
737,㈜석빙고,경기도 용인시 기흥구 지삼로98번길 29-2 (지곡동),아이스크림 및 기타 식용 빙과류 제조업,5,0.12,2024-02-13
738,동백워시존,경기도 용인시 기흥구 구성로 322 (청덕동),세차업,5,7,2024-02-13
739,부엉이카워시,경기도 용인시 기흥구 용구대로2469번길 176 (보정동),세차업,5,1.5,2024-02-13
740,㈜조광환경산업개발,경기도 용인시 기흥구 언동로30번길 87 (언남동),골재  벽돌 및 시멘트 도매업,5,3,2024-02-13
741,(재)서울의과학연구소,"경기도 용인시 기흥구 흥덕1로 13 (영덕동), 타워동 24 26 27층",의학 및 약학 연구 개발업,5,14.7,2024-02-13
742,구성명품세차장,경기도 용인시 기흥구 용구대로 2333 (마북동),세차업,5,6,2024-02-13
743,㈜한독모터스 수원영업소,경기도 용인시 기흥구 중부대로 266,세차업(정비),5,5.6,2024-02-13
744,한국타이어신갈점,경기도 용인시 기흥구 용구대로2145번길 28 (신갈동),세차업(정비),5,3,2024-02-13
745,기흥휴게소,경기도 용인시 기흥구 공세로 173 (공세동),세차업(주유소),5,7,2024-02-13
746,㈜자연에너지 신갈주유소 ,경기도 용인시 기흥구 용구대로 2245 (신갈동),세차업(주유소),5,11,2024-02-13
747,민속24시손셀프세차장,경기도 용인시 기흥구 사은로 130-10 (보라동),세차업,5,20,2024-02-13
748,㈜오럼머티리얼,경기도 용인시 기흥구 공세로 140-11 (공세동),전시및광고용조명장치제조업,5,0.85,2024-02-13
749,㈜동방메디컬,경기도 용인시 기흥구 동백중앙로16번길 16-9 (중동),의료용품및기타의약관련제품제조업,5,0.23,2024-02-13
750,애니카랜드 상하점,경기도 용인시 기흥구 어정로 84 (상하동),세차업(정비),5,3,2024-02-13
751,에스지오토서비스㈜,경기도 용인시 기흥구 용구대로2193번길 6 (신갈동),세차업(정비),5,3,2024-02-13
752,용인서일주유소,경기도 용인시 기흥구 신수로 70 (신갈동),세차업(주유소),5,49,2024-02-13
753,㈜이엔에프테크놀로지,경기도 용인시 기흥구 탑실로35번길 14 (공세동),물리화학및생물학연구개발업,5,6.85,2024-02-13
754,리베로세차장,경기도 용인시 기흥구 보정로 117 (보정동),세차업,5,2,2024-02-13
755,비전카센타,경기도 용인시 기흥구 지삼로198번길 17 (지곡동),세차업(정비),5,1.5,2024-02-13
756,만트럭버스코리아㈜,경기도 용인시 기흥구 보라하갈로 57 (하갈동),세차업(정비),5,3,2024-02-13
757,태광컨트리클럽,경기도 용인시 기흥구 흥덕4로 77 (신갈동),골프장,5,32,2024-02-13
758,㈜에이바이오머티리얼즈,경기도 용인시 기흥구 동백중앙로16번길 16-25 (중동),화장품제조업,5,1,2024-02-13
759,㈜삼우에스앤티,경기도 용인시 기흥구 동백중앙로16번길 16-9 (중동),미생물 실험용 배지,5,0.2,2024-02-13
760,㈜기흥현대정비사업소,경기도 용인시 기흥구 신정로 270-22 (신갈동),세차업(정비),5,3,2024-02-13
761,씨제이프레시웨이㈜,경기도 용인시 기흥구 기곡로 32(하갈동),기타식품제조업,5,10,2024-02-13
762,엠씨솔루션주식회사,"경기도 용인시 기흥구 신정로41번길 52-19 (신갈동), 2층",실험,5,0.5,2024-02-13
763,삼성광택세차,경기도 용인시 기흥구 덕영대로2077번길 72 (영덕동),세차업,5,3,2024-02-13
764,㈜신동해홀딩스,경기도 용인시 기흥구 중부대로 242-1 (영덕동),세차업,5,15,2024-02-13
765,현대모비스㈜기술연구소,경기도 용인시 기흥구 마북로240번길 17-2 (마북동),기타자동차부품제조,5,1.62,2024-02-13
766,청정에너지,경기도 용인시 기흥구 용구대로2469번길 161 (보정동),세차업(주유소),5,6,2024-02-13
767,프라임워시,경기도 용인시 기흥구 공세로 117 (공세동),세차업,5,8,2024-02-13
768,㈜삼원에너지 동탄행복셀프주유소,경기도 용인시 기흥구 용구대로 1625 (공세동),세차업(주유소),5,25,2024-02-13
769,삼성물산 주거성능연구소,경기도 용인시 기흥구 동백중앙로16번길 27 (중동),기타 시술시험,5,2.3,2024-02-13
770,유한회사소호브릭스,경기도 용인시 기흥구 고매로 131 (공세동),인형 및 장난감 제조업,5,0,2024-02-13
771,㈜삼보팩,경기도 용인시 기흥구 중부대로746번길 11-1 (상하동),골판지 제조업,5,0.08,2024-02-13
772,제일약품㈜,경기도 용인시 기흥구 구성로 357 (청덕동) 용인테크노밸리 A동 709~712호,"물리,화학 및 생물학연구개발업",5,4.5,2024-02-13
773,엘켐실리콘즈 코리아㈜,경기도 용인시 기흥구 공세로 121 (공세동),연구,5,0.1,2024-02-13
774,오션네트워크㈜,경기도 용인시 기흥구 석성로 1-3 (보정동),세차업(주유소),5,45,2024-02-13
775,주식회사 지씨셀,경기도 용인시 기흥구 이현로30번길 93 (보정동),연구,5,26,2024-02-13
776,㈜지씨지놈,경기도 용인시 기흥구 이현로30번길 93 (보정동),연구,5,4,2024-02-13
777,서천신도시주유소,경기도 용인시 기흥구 서천로 190 (농서동),세차업(주유소),5,30,2024-02-13
778,T2(티투),경기도 용인시 기흥구 동백죽전대로527번길 100-19 (중동),세차업,5,6.5,2024-02-13
779,백암푸드,경기도 용인시 기흥구 언동로 210-10 (상하동),육가공,5,6,2024-02-13
780,현대기흥서비스,경기도 용인시 기흥구 공세로 155 (공세동),정비,5,3,2024-02-13
781,1급비손모터스공업사,경기도 용인시 기흥구 청명산로 5 (하갈동),세차업(정비),5,3,2024-02-13
782,명인모터스,경기도 용인시 기흥구 용구대로2211번길 5 (신갈동),세차업(정비),5,2,2024-02-13
783,여산관광㈜,경기도 용인시 기흥구 기흥단지로 71 (고매동),세차업,5,5.4,2024-02-13
784,에이치디현대오일뱅크 주식회사,경기도 용인시 기흥구 마북로240번길 17-9 (마북동),원유정제처리업,5,0.15,2024-02-13
785,진일세차장,경기도 용인시 기흥구 덕영대로 2019 (하갈동),세차업,5,2,2024-02-13
786,효현㈜보정꽃길주유소,경기도 용인시 기흥구 용구대로2469번길 153 (보정동),세차업(주유소),5,9,2024-02-13
787,코끼리셀프세차장,경기도 용인시 기흥구 예현로 25 (서천동),세차업,5,7,2024-02-13
788,365세차장,경기도 용인시 기흥구 이현로 78 (보정동),세차업,5,3,2024-02-13
789,농업회사법인㈜피피에스,경기도 용인시 기흥구 하갈로86번길 51 (보라동),종자및묘목생산업,5,2.928,2024-02-13
790,유신카세차장,경기도 용인시 기흥구 농서로 6 (고매동),세차업,5,4.5,2024-02-13
791,㈜에스에이치에너지,경기도 용인시 기흥구 신수로 69 (신갈동),세차업(주유소),5,30,2024-02-13
792,빠방세차 용인점,경기도 용인시 기흥구 흥덕4로30번길 28-25 (영덕동),세차업,5,1.2,2024-02-13
793,주식회사기흥산업,경기도 용인시 기흥구 용구대로 1624 (공세동),세차업,5,25,2024-02-13
794,㈜오토카지,경기도 용인시 기흥구 어정로 36 (상하동),세차업,5,3,2024-02-13
795,㈜경보제약,경기도 용인시 기흥구 구성로 357 (청덕동),연구개발업,5,0.5,2024-02-13
796,기아㈜ 수원서비스센터,경기도 용인시 기흥구 중부대로 27 (영덕동),세차업(정비),5,0.6,2024-02-13
797,주성엔지니어링㈜,경기도 용인시 기흥구 신정로 79(신갈동),그외기타가공공작기계제조업,5,21.48,2024-02-13
798,㈜베르티스,"경기도 용인시 기흥구 흥덕1로 13-21 (영덕동), 흥덕IT밸리 A동 3607호",화학,5,0.15,2024-02-13
799,주식회사에스엠서비스토탈기흥꽃길주유소,경기도 용인시 기흥구 용구대로 1701 (공세동),세차업(주유소),5,25,2024-02-13
800,㈜태광홀딩스,경기도 용인시 기흥구 신정로41번길 106 (신갈동),세차업,5,3,2024-02-13
801,㈜씨티케이,경기도 용인시 기흥구 신정로41번길 52-17 (신갈동),물질 성분 검사업,5,0.7,2024-02-13
802,보라손세차,경기도 용인시 기흥구 민속촌로11번길 28-3 (보라동),세차업,5,3,2024-02-13
803,동국제약㈜ DK의약연구소,경기도 용인시 기흥구 흥덕1로 13 (영덕동),의학 및 약학 연구 개발업,5,0.004,2024-02-13
804,㈜유니온산업,경기도 용인시 기흥구 언동로 210-10 (상하동),"도축, 육류수산물 가공 및 저장처리시설",5,1,2024-02-13
805,핑거워시,경기도 용인시 기흥구 흥덕2로87번길 5 (영덕동),세차업,5,24,2024-02-13
806,오션네트웍스 주식회사(동백지점),경기도 용인시 기흥구 석성로 666 (동백동),세차업(주유소),5,48,2024-02-13
807,M광택,경기도 용인시 기흥구 용구대로 2129 (신갈동),세차업,5,3,2024-02-13
808,에이치디현대건설기계㈜용인기술혁신센터,경기도 용인시 기흥구 마북로240번길 17-8 (마북동),산업용트럭및 적재기제조,5,1.86,2024-02-13
809,락킨카워시(ROCKIN CAR WASH),경기도 용인시 기흥구 공세로 146(공세동),세차업,5,25,2024-02-13
810,㈜와이즈,경기도 용인시 기흥구 덕영대로 2022(상갈동),산업처리공정제어장비제조업(27216),5,0.67,2024-02-13
811,농업회사법인 주식회사 도담채,경기도 용인시 기흥구 고매로 222 (고매동),기타과실채소가공및저장처리업,5,6,2024-02-13
812,유워시(U-WASH) All Season 센터,경기도 용인시 기흥구 동탄기흥로 655 (고매동),세차업,5,24,2024-02-13
813,㈜유알지,"경기도 기흥구 서천로201번길 11, 기흥테라타워지식산업센터5층 제티541,542,543,544호(농서동)",화장품제조시설,5,0.28,2024-02-13
814,㈜볼트크리에이션,"경기도 용인시 기흥구 서천로 201번지 11, 기흥테라타워 지식산업센터 5층 539,950호(농서동)",기타 반도체소자제조업(26129),5,3.69,2024-02-13
815,㈜엠엠에스코퍼레이션,"경기도 용인시 기흥구 동백중앙로16번길 16-4, 에이스 동백 타워(중동) 3층 제2-308,309호",기타 의료용 기기 제조업(27199),5,0.18,2024-02-13
816,㈜대신환경기술,경기도 용인시 기흥구 동백중앙로 16번길 16-4. 에이스동백타워 1-1809호,물질 성분 검사업,5,0.05,2024-02-13
817,㈜지씨씨엘,"경기도 용인시 기흥구 용구대로2469번길15, 4층 (보정동)",의학 및 약학 연구개발업,5,2,2024-02-13
818,㈜그린벳,"경기도 용인시 기흥구 용구대로2469번길 15, 1·2층  (보정동)",의학 및 약학 연구개발업,5,2,2024-02-13
819,㈜녹십자웰빙,"경기도 용인시 기흥구 흥덕중앙로 120 (영덕동, 유타워) 23층 2305호",의학 및 약학 연구개발업,5,0.12,2024-02-13
820,용인베이커리공장,경기도 용인시 기흥구 언동로 210-10(상하동),식품제조가공업,5,2,2024-02-13
821,셀핑 기흥점,경기도 용인시 기흥구 기흥구 중부대로 761(상하동),세차업,5,8,2024-02-13
822,브아뛰르 신갈점,경기도 용인시 기흥구 신정로 41번길 87(신갈동),세차업(정비),5,2,2024-02-13
823,㈜제테마,"경기도 용인시 기흥구 동백중앙로 16번길 16-25 (중동) 315, 501, 502, 517, 518호",의료 및 의약관련제품제조업(21300),5,2,2024-02-13
824,엠앤이솔루션 유한책임회사,경기도 용인시 기흥구 탑실로 52,"반도체제조용기계제조업외1(29271, 29272)",5,0.9,2024-02-13
825,디티티 코리아(DTT KOREA),경기도 용인시 기흥구 동백죽전대로 315-17 (중동),세차업,5,7,2024-02-13
826,동탄현대서비스㈜,경기도 용인시 기흥구 공세로 25(고매동) ,세차업(정비),5,2,2024-02-13
827,1급 허브 공업사,"경기도 용인시 기흥구 덕영대로 2077번길 87, 디동",세차업,5,3,2024-02-13
828,이니스트에스티㈜ 용인지점,"경기도 용인시 기흥구 중부대로 184 (영덕동), 힉스유타워 1901-1~3호, 1902~8호",의료용품 및 기타 의약관련제품 제조업,5,0.023,2024-02-13
829,㈜씨티피,경기도 용인시 기흥구 동백죽전대로 543,세차업(정비),5,8,2024-02-13
830,구성이마트에너지,경기도 용인시 기흥구 용구대로 2441,세차업(주유소),5,6.4,2024-02-13
831,야차라운지,"경기도 용인시 기흥구 언동로 45, 1층(청덕동)",세차업,5,1.8,2024-02-13
832,제이앤와이엘㈜,"경기도 용인시 기흥구 구성로 357, 용인네크노밸리 제지2층 제지씨 201호",기타 금속가공제품제조업(25999),5,0.92,2024-02-13
833,루페스 빅풋 디테일링센터 용인점,"경기도 용인시 기흥구 동백1로 31(중동), 상가1동 A110호, A111호",세차업,5,2,2024-02-13
834,다우인텍㈜,경기도 용인시 기흥구 서천로 201번길 11. 기흥 테라타워 지식산업센터 T-L 101호,주형및금형제조업(29294),5,0.85,2024-02-13
835,워시존 개러지 용인 신갈점,경기도 용인시 기흥구 용구대로 2214(신갈동),세차업,5,8.4,2024-02-13
836,동백유워시 셀프세차장,경기도 용인시 기흥구 언동로 125번길 14(중동),세차업,5,7,2024-02-13
837,인표손세차,경기도 용인시 기흥구 용구대로 2469번길 147(보정동),세차업,5,2.5,2024-02-13
838,주식회사 바이오인프라,"경기도 용인시 기흥구 흥덕중앙로 120 4층 일부, 5층 일부(사무실), 지2층 비207호(영덕동)",의료용품 및 기타 의약관련제품 제조업,5,1.2,2024-02-13
839,환인제약㈜,경기도 용인시 기흥구 용구대로 2219번길 3(신갈동),의학 및 약학 연구개발업,5,3.5,2024-02-13
840,케이피엑스케미칼㈜ (KPX케미칼㈜),경기도 용인시 기흥구 탑실로58번길 6-15 (공세동),기타 기초무기화학물질 제조업,5,0.5,2024-02-13
841,㈜범일유통,경기도 용인시 기흥구 하갈로86번길 46  롯데슈퍼물류센타 (하갈동),도축  육류 가공 및 저장 처리업,5,18,2024-02-13
842,㈜진스랩,경기도 용인시 기흥구 용구대로2469번길 15  2층 (보정동),의학 및 약학 연구 개발업,5,1,2024-02-13
843,㈜녹십자엠에스,경기도 용인시 기흥구 용구대로2469번길 15  2층 (보정동),의학 및 약학 연구개발업,5,1.5,2024-02-13
844,㈜지씨지놈,경기도 용인시 기흥구 용구대로2469번길 15  3층  지하1층 (보정동),의학 및 약학 연구개발업,5,2.5,2024-02-13
845,뉴월드서비스,경기도 용인시 기흥구 중부대로 370(신갈동),세차업,5,8,2024-02-13
846,호수주유소,경기도 용인시 기흥구 하갈동 407-1,세차업(주유소),5,7,2024-02-13
847,㈜지씨씨엘,경기도 용인시 기흥구 이현로30번질 131-1(보정동),의학 및 약학 연구개발업,5,2,2024-02-13
848,㈜프롬바이오,경기도 용인시 기흥구 서천로127번길 10(서천동),의학 및 약학 연구개발업,5,0.0523,2024-02-13
849,디엠디테일링,경기도 용인시 기흥구 신정로151번길 33-3(신갈동),세차업,5,1.8,2024-02-13
850,구성자동차공업사㈜,경기도 용인시 기흥구 구성로 254(청덕동),세차업(정비),5,2,2024-02-13
851,동백자연에너지,"경기도 용인시 기흥구 동백동 370-2, -4(도로명 없음)",세차업(주유소),5,41,2024-02-13
852,수지현대모터스,경기도 용인시 수지구 풍덕천로172번길 11 (풍덕천동),세차업,5,4,2024-02-13
853,민철세차장,경기도 용인시 수지구 풍덕천로172번길 9 (풍덕천동),세차업,5,2,2024-02-13
854,대명에너지(광교)셀프직영점,경기도 용인시 수지구 포은대로 58 (상현동),세차업,5,25,2024-02-13
855,동문현대공업사,경기도 용인시 수지구 고기로45번길 60 (동천동),세차업,5,3.5,2024-02-13
856,㈜소모에너지 수지제일주유소,경기도 용인시 수지구 수지로 350(풍덕천동),세차업,5,12,2024-02-13
857,풍덕천주유소,경기도 용인시 수지구 포은대로 402 (풍덕천동),세차업,5,34,2024-02-13
858,우리토탈서비스(GS죽전주유소),경기도 용인시 수지구 용구대로 2782 (죽전동),세차업,5,30,2024-02-13
859,수지주유소,경기도 용인시 수지구 수지로 164 (풍덕천동),세차업,5,35,2024-02-13
860,금호세차장,경기도 용인시 수지구 진산로 15 (풍덕천동),세차업,5,3,2024-02-13
861,에이치디현대오일뱅크㈜직영 성복현대주유소,경기도 용인시 수지구 수지로 137 (성복동),세차업,5,34,2024-02-13
862,동글이셀프세차장,경기도 용인시 수지구 포은대로 300 (풍덕천동),세차업,5,24,2024-02-13
863,에이치디현대오일뱅크㈜직영 죽전현대셀프주유소,경기도 용인시 수지구 용구대로 2751 (죽전동),세차업,5,24,2024-02-13
864,(주)수지삼일자동차 공업사,경기도 용인시 수지구 신수로683번길 17 (풍덕천동),세차업,5,2,2024-02-13
865,한국모터스,경기도 용인시 수지구 수지로 48 (상현동),세차업,5,2,2024-02-13
866,㈜대지산주유소,경기도 용인시 수지구 대지로 92(죽전동),세차업,5,40,2024-02-13
867,주용철세차장,경기도 용인시 수지구 대지로3번길 47 (죽전동),세차업,5,5,2024-02-13
868,거상카쎈타,경기도 용인시 수지구 현암로 26 (죽전동),세차업,5,1.5,2024-02-13
869,상현손세차장,경기도 용인시 광교호수로 415(상현동),세차업,5,4,2024-02-13
870,대성카센타,경기도 용인시 수지구 만현로 82-6 (상현동),세차업,5,4,2024-02-13
871,라이프세차장,경기도 용인시 수지구 대지로3번길 43 (죽전동),세차업,5,3,2024-02-13
872,성지자동차공업사,경기도 용인시 수지구 용구대로2790번길 3 (죽전동),세차업,5,3,2024-02-13
873,파워모터스,경기도 용인시 수지구 풍덕천로189번길 3,세차업,5,2.4,2024-02-13
874,스피드메이트 수지 동천점,경기도 용인시 수지구 수지로489번길 8 (동천동),세차업,5,3,2024-02-13
875,경수고속도로㈜,경기도 용인시 수지구 성복1로 260 (신봉동),세차업,5,21,2024-02-13
876,맥가이버,경기도 용인시 수지구 고기로 49 (동천동),세차업,5,1.5,2024-02-13
877,신세계 카 써비스,경기도 용인시 수지구 용구대로 2708 (죽전동),세차업,5,3,2024-02-13
878,명진손세차,경기도 용인시 수지구 신봉1로 107-5(신봉동),세차업,5,1.2,2024-02-13
879,㈜멜파스,경기도 용인시 수지구 대지로 233 (죽전동),이동전화기제조업,5,3.27,2024-02-13
880,에이치디현대오일뱅크㈜직영 수지현대셀프주유소,경기도 용인시 수지구 포은대로 95 (상현동),세차업,5,24,2024-02-13
881,오토베이㈜,경기도 용인시 수지구 풍덕천로148번길 23 (풍덕천동),세차업,5,5,2024-02-13
882,주식회사 베스트샤인,경기도 용인시 수지구 고기로 110 (동천동),세차업,5,1.2,2024-02-13
883,넘버원 세차장,경기도 용인시 수지구 수지로 44 (상현동),세차업,5,6,2024-02-13
884,모터파크,경기도 용인시 수지구 정든로6번길 9 (죽전동),세차업,5,3,2024-02-13
885,애니카랜드,경기도 용인시 수지구 신봉1로 179(신봉동),세차업,5,3,2024-02-13
886,만당대경주유소,경기도 용인시 수지구 신수로 781 (동천동),세차업,5,6,2024-02-13
887,저먼오토,경기도 용인시 수지구 수지로88(상현동),세차업,5,1.5,2024-02-13
888,㈜대주산업 죽전영업소,경기도 용인시 수지구 경부고속도로 400(죽전동) ,세차업,5,40,2024-02-13
889,타이어프로 상현점,경기도 용인시 수지로 78(상현동),세차업,5,3,2024-02-13
890,더클래스효성㈜ 죽전지점,경기도 용인시 수지구 용구대로 2749 ,자동차수리업,5,3,2024-02-13
891,미원스페셜티케미칼㈜,경기도 용인시 포은대로59번길 20(상현동),연구 및 개발업,5,4,2024-02-13
892,㈜현대삼일자동차공업사,경기도 용인시 수지구 신수로683번길 15(풍덕천동),세차업,5,2,2024-02-13
893,㈜두산전자사업수지,경기도 용인시 수지구 수지로112번길 10(성복동) ,"제조업, 서비스업(산업용기초화합물)",5,3,2024-02-13
894,㈜보부하이테크,경기도 용인시 수지구 대지로 251(죽전동),제조업(반도체부품),5,6.94,2024-02-13
895,㈜CKS,경기도 용인시 수지구 성복2로 285(성복동),세차업,5,4.4,2024-02-13
896,㈜만남이엔지 두꺼비주유소,경기도 용인시 수지구 고기로 1 (동천동),세차업,5,9,2024-02-13
897,아이카(I car),경기도 용인시 수지구 풍덕천로190번길 15-4(풍덕천동),세차업,5,2,2024-02-13
898,카닥 테크센터 아이모터스,경기도 용인시 수지구 용구대로2699(죽전동),세차업,5,1,2024-02-13
899,워시랩셀프세차타운,경기도 용인시 동천로 350(동천동),세차업,5,8,2024-02-13
900,신봉손세차장,경기도 용인시 수지구 신봉1로 52-5(신봉동),세차업,5,1,2024-02-13
901,알리코제약㈜,"경기도 용인시 수지구 광교중앙로338, 광교우미뉴브 B-401~409호(상현동)","의학 및 약학 연구개발업,",5,0.36,2024-02-13
902,핑거워시24시,경기도 용인시 수지구 동천로154(동천동),제조업(화장품),5,8,2024-02-13
903,셀핑 수지점,경기도 용인시 수지구 성복2로258(성복동),세차업,5,8,2024-02-13
904,올빼미카워시,경기도 용인시 수지구 고기로 163번길5-1,세차업,5,1.8,2024-02-13
905,홀리디테일링,경기도 용인시 수지구 고기로191-3,세차업,5,2,2024-02-13
906,카스파타운,경기도 용인시 수지구 고기로 129번길 20,세차업,5,9,2024-02-13
907,신봉자동차,경기도 용인시 수지구 신봉1로 52-3,자동차정비업,5,1,2024-02-13
908,오토텔릭바이오㈜,"경기도 용인시 수지구 포은대로 59번길 37, 5층 506~512호",의학 및 약학 연구개발업,5,0.2,2024-02-13
909,㈜승보,경기도 용인시 수지구 고기로 163,자전거 및 기타운송장비 소매업,5,3,2024-02-13
910,신세계자동차공업㈜,경기도 용인시 수지구 용구대로 2711-3,자동차 종합수리업,5,3,2024-02-13
